doy,hour,temp
1,0,48.0
1,1,47.2
1,2,46.6
1,3,46.0
1,4,45.7
1,5,45.3
1,6,44.9
1,7,44.8
1,8,44.8
1,9,48.1
1,10,51.6
1,11,54.6
1,12,56.9
1,13,58.8
1,14,60.2
1,15,61.0
1,16,61.0
1,17,59.7
1,18,56.9
1,19,54.7
1,20,52.8
1,21,51.3
1,22,50.0
1,23,49.0
2,0,48.2
2,1,47.3
2,2,46.7
2,3,46.1
2,4,45.8
2,5,45.4
2,6,45.0
2,7,44.9
2,8,44.9
2,9,48.2
2,10,51.6
2,11,54.6
2,12,56.8
2,13,58.7
2,14,60.1
2,15,61.0
2,16,61.1
2,17,59.8
2,18,57.1
2,19,54.8
2,20,52.8
2,21,51.2
2,22,50.0
2,23,48.8
3,0,48.1
3,1,47.1
3,2,46.5
3,3,46.0
3,4,45.6
3,5,45.2
3,6,44.7
3,7,44.6
3,8,44.6
3,9,47.9
3,10,51.4
3,11,54.3
3,12,56.7
3,13,58.5
3,14,60.0
3,15,60.9
3,16,60.9
3,17,59.7
3,18,57.0
3,19,54.6
3,20,52.6
3,21,51.0
3,22,49.6
3,23,48.5
4,0,47.8
4,1,46.8
4,2,46.2
4,3,45.7
4,4,45.3
4,5,44.9
4,6,44.6
4,7,44.5
4,8,44.5
4,9,47.8
4,10,51.3
4,11,54.4
4,12,56.8
4,13,58.8
4,14,60.2
4,15,61.1
4,16,61.1
4,17,59.9
4,18,57.1
4,19,54.8
4,20,52.7
4,21,51.1
4,22,49.8
4,23,48.6
5,0,47.8
5,1,46.8
5,2,46.2
5,3,45.6
5,4,45.3
5,5,44.8
5,6,44.5
5,7,44.4
5,8,44.4
5,9,47.8
5,10,51.5
5,11,54.6
5,12,57.0
5,13,58.9
5,14,60.3
5,15,61.2
5,16,61.3
5,17,60.0
5,18,57.3
5,19,54.9
5,20,52.9
5,21,51.2
5,22,49.8
5,23,48.6
6,0,47.9
6,1,46.9
6,2,46.3
6,3,45.8
6,4,45.3
6,5,44.8
6,6,44.5
6,7,44.4
6,8,44.4
6,9,47.8
6,10,51.4
6,11,54.5
6,12,56.9
6,13,58.7
6,14,60.1
6,15,61.0
6,16,61.1
6,17,59.9
6,18,57.2
6,19,54.8
6,20,52.7
6,21,51.0
6,22,49.7
6,23,48.5
7,0,47.7
7,1,46.8
7,2,46.2
7,3,45.7
7,4,45.2
7,5,44.7
7,6,44.3
7,7,44.1
7,8,44.1
7,9,47.7
7,10,51.3
7,11,54.3
7,12,56.7
7,13,58.6
7,14,60.0
7,15,60.9
7,16,61.1
7,17,59.9
7,18,57.3
7,19,54.8
7,20,52.7
7,21,51.1
7,22,49.8
7,23,48.6
8,0,47.9
8,1,46.9
8,2,46.4
8,3,45.8
8,4,45.4
8,5,44.8
8,6,44.4
8,7,44.2
8,8,44.3
8,9,47.7
8,10,51.3
8,11,54.3
8,12,56.7
8,13,58.6
8,14,60.0
8,15,60.9
8,16,61.1
8,17,60.0
8,18,57.3
8,19,55.0
8,20,53.0
8,21,51.3
8,22,50.0
8,23,48.9
9,0,47.9
9,1,47.0
9,2,46.4
9,3,45.9
9,4,45.4
9,5,44.9
9,6,44.5
9,7,44.3
9,8,44.4
9,9,47.9
9,10,51.4
9,11,54.4
9,12,56.8
9,13,58.7
9,14,60.0
9,15,60.9
9,16,61.1
9,17,60.0
9,18,57.5
9,19,55.1
9,20,53.1
9,21,51.5
9,22,50.2
9,23,49.1
10,0,48.1
10,1,47.3
10,2,46.6
10,3,46.0
10,4,45.5
10,5,45.0
10,6,44.7
10,7,44.5
10,8,44.7
10,9,48.0
10,10,51.5
10,11,54.6
10,12,57.0
10,13,58.9
10,14,60.3
10,15,61.2
10,16,61.3
10,17,60.2
10,18,57.6
10,19,55.3
10,20,53.3
10,21,51.7
10,22,50.5
10,23,49.3
11,0,48.4
11,1,47.5
11,2,46.8
11,3,46.2
11,4,45.7
11,5,45.2
11,6,44.9
11,7,44.8
11,8,44.9
11,9,48.2
11,10,51.7
11,11,54.7
11,12,57.1
11,13,59.0
11,14,60.4
11,15,61.3
11,16,61.4
11,17,60.4
11,18,57.8
11,19,55.4
11,20,53.5
11,21,51.9
11,22,50.6
11,23,49.4
12,0,48.6
12,1,47.7
12,2,47.1
12,3,46.4
12,4,45.9
12,5,45.4
12,6,45.1
12,7,44.9
12,8,45.1
12,9,48.4
12,10,51.9
12,11,54.9
12,12,57.3
12,13,59.2
12,14,60.7
12,15,61.5
12,16,61.7
12,17,60.7
12,18,58.1
12,19,55.7
12,20,53.7
12,21,52.0
12,22,50.7
12,23,49.5
13,0,48.6
13,1,47.7
13,2,47.1
13,3,46.5
13,4,45.9
13,5,45.6
13,6,45.1
13,7,45.1
13,8,45.3
13,9,48.8
13,10,52.1
13,11,55.0
13,12,57.4
13,13,59.3
13,14,60.8
13,15,61.6
13,16,61.8
13,17,60.9
13,18,58.4
13,19,56.0
13,20,54.0
13,21,52.3
13,22,51.1
13,23,49.8
14,0,48.9
14,1,48.0
14,2,47.4
14,3,46.8
14,4,46.2
14,5,45.9
14,6,45.4
14,7,45.4
14,8,45.6
14,9,49.0
14,10,52.4
14,11,55.4
14,12,57.8
14,13,59.7
14,14,61.2
14,15,62.0
14,16,62.2
14,17,61.3
14,18,58.7
14,19,56.3
14,20,54.3
14,21,52.5
14,22,51.2
14,23,50.0
15,0,49.0
15,1,48.2
15,2,47.5
15,3,46.9
15,4,46.4
15,5,46.0
15,6,45.6
15,7,45.5
15,8,45.8
15,9,49.2
15,10,52.6
15,11,55.5
15,12,57.8
15,13,59.8
15,14,61.3
15,15,62.1
15,16,62.2
15,17,61.3
15,18,58.8
15,19,56.3
15,20,54.4
15,21,52.7
15,22,51.4
15,23,50.1
16,0,49.2
16,1,48.3
16,2,47.7
16,3,47.1
16,4,46.5
16,5,46.2
16,6,45.8
16,7,45.7
16,8,46.0
16,9,49.3
16,10,52.6
16,11,55.5
16,12,57.8
16,13,59.7
16,14,61.2
16,15,62.0
16,16,62.0
16,17,61.2
16,18,58.6
16,19,56.1
16,20,54.3
16,21,52.5
16,22,51.1
16,23,49.8
17,0,48.9
17,1,48.0
17,2,47.4
17,3,46.8
17,4,46.2
17,5,45.9
17,6,45.4
17,7,45.3
17,8,45.6
17,9,49.1
17,10,52.4
17,11,55.3
17,12,57.7
17,13,59.6
17,14,61.1
17,15,61.9
17,16,62.0
17,17,61.1
17,18,58.6
17,19,56.2
17,20,54.2
17,21,52.5
17,22,51.0
17,23,49.8
18,0,48.8
18,1,48.0
18,2,47.3
18,3,46.6
18,4,46.0
18,5,45.7
18,6,45.3
18,7,45.2
18,8,45.5
18,9,49.1
18,10,52.6
18,11,55.6
18,12,57.9
18,13,59.8
18,14,61.3
18,15,62.1
18,16,62.1
18,17,61.2
18,18,58.7
18,19,56.3
18,20,54.4
18,21,52.6
18,22,51.2
18,23,50.0
19,0,49.0
19,1,48.1
19,2,47.5
19,3,46.9
19,4,46.3
19,5,45.9
19,6,45.4
19,7,45.4
19,8,45.7
19,9,49.2
19,10,52.7
19,11,55.7
19,12,57.9
19,13,59.9
19,14,61.4
19,15,62.2
19,16,62.3
19,17,61.5
19,18,59.0
19,19,56.5
19,20,54.6
19,21,52.8
19,22,51.4
19,23,50.2
20,0,49.3
20,1,48.4
20,2,47.7
20,3,47.1
20,4,46.4
20,5,46.1
20,6,45.7
20,7,45.7
20,8,45.9
20,9,49.5
20,10,52.8
20,11,55.8
20,12,58.2
20,13,60.2
20,14,61.6
20,15,62.4
20,16,62.5
20,17,61.6
20,18,59.1
20,19,56.7
20,20,54.7
20,21,52.9
20,22,51.5
20,23,50.4
21,0,49.3
21,1,48.5
21,2,47.8
21,3,47.2
21,4,46.6
21,5,46.2
21,6,45.8
21,7,45.7
21,8,46.0
21,9,49.6
21,10,53.1
21,11,56.1
21,12,58.5
21,13,60.6
21,14,62.0
21,15,62.9
21,16,63.0
21,17,62.2
21,18,59.7
21,19,57.2
21,20,55.2
21,21,53.4
21,22,51.9
21,23,50.7
22,0,49.7
22,1,48.7
22,2,48.1
22,3,47.4
22,4,46.7
22,5,46.4
22,6,45.9
22,7,45.9
22,8,46.3
22,9,49.8
22,10,53.3
22,11,56.4
22,12,58.9
22,13,60.9
22,14,62.4
22,15,63.3
22,16,63.4
22,17,62.5
22,18,59.9
22,19,57.4
22,20,55.4
22,21,53.4
22,22,51.9
22,23,50.7
23,0,49.6
23,1,48.6
23,2,48.0
23,3,47.3
23,4,46.5
23,5,46.2
23,6,45.7
23,7,45.8
23,8,46.1
23,9,49.7
23,10,53.4
23,11,56.5
23,12,59.0
23,13,61.1
23,14,62.6
23,15,63.5
23,16,63.6
23,17,62.8
23,18,60.1
23,19,57.5
23,20,55.5
23,21,53.4
23,22,51.9
23,23,50.7
24,0,49.6
24,1,48.6
24,2,47.9
24,3,47.3
24,4,46.5
24,5,46.2
24,6,45.8
24,7,45.8
24,8,46.1
24,9,49.8
24,10,53.6
24,11,56.8
24,12,59.3
24,13,61.5
24,14,63.1
24,15,64.0
24,16,64.2
24,17,63.4
24,18,60.7
24,19,58.1
24,20,56.0
24,21,53.9
24,22,52.3
24,23,51.1
25,0,50.0
25,1,49.0
25,2,48.3
25,3,47.7
25,4,46.9
25,5,46.6
25,6,46.1
25,7,46.2
25,8,46.4
25,9,50.2
25,10,54.0
25,11,57.2
25,12,59.8
25,13,62.0
25,14,63.7
25,15,64.6
25,16,64.8
25,17,64.1
25,18,61.4
25,19,58.6
25,20,56.5
25,21,54.3
25,22,52.7
25,23,51.5
26,0,50.4
26,1,49.4
26,2,48.7
26,3,48.1
26,4,47.2
26,5,46.8
26,6,46.3
26,7,46.3
26,8,46.6
26,9,50.3
26,10,54.0
26,11,57.2
26,12,59.8
26,13,62.0
26,14,63.6
26,15,64.5
26,16,64.7
26,17,64.0
26,18,61.3
26,19,58.6
26,20,56.4
26,21,54.3
26,22,52.7
26,23,51.5
27,0,50.4
27,1,49.5
27,2,48.8
27,3,48.2
27,4,47.3
27,5,47.0
27,6,46.5
27,7,46.4
27,8,46.7
27,9,50.3
27,10,54.0
27,11,57.1
27,12,59.6
27,13,61.7
27,14,63.2
27,15,64.2
27,16,64.4
27,17,63.6
27,18,61.0
27,19,58.3
27,20,56.3
27,21,54.3
27,22,52.7
27,23,51.6
28,0,50.5
28,1,49.6
28,2,49.0
28,3,48.4
28,4,47.5
28,5,47.1
28,6,46.6
28,7,46.5
28,8,46.8
28,9,50.4
28,10,54.0
28,11,57.1
28,12,59.6
28,13,61.7
28,14,63.3
28,15,64.2
28,16,64.4
28,17,63.7
28,18,61.1
28,19,58.3
28,20,56.3
28,21,54.3
28,22,52.7
28,23,51.6
29,0,50.6
29,1,49.6
29,2,49.0
29,3,48.4
29,4,47.5
29,5,47.1
29,6,46.6
29,7,46.5
29,8,46.8
29,9,50.3
29,10,54.0
29,11,57.0
29,12,59.5
29,13,61.6
29,14,63.1
29,15,64.1
29,16,64.3
29,17,63.6
29,18,61.0
29,19,58.3
29,20,56.2
29,21,54.2
29,22,52.7
29,23,51.7
30,0,50.6
30,1,49.7
30,2,49.0
30,3,48.4
30,4,47.5
30,5,47.0
30,6,46.6
30,7,46.4
30,8,46.7
30,9,50.2
30,10,53.9
30,11,56.9
30,12,59.4
30,13,61.5
30,14,63.0
30,15,64.1
30,16,64.3
30,17,63.7
30,18,61.1
30,19,58.4
30,20,56.2
30,21,54.2
30,22,52.8
30,23,51.8
31,0,50.7
31,1,49.8
31,2,49.1
31,3,48.5
31,4,47.6
31,5,47.1
31,6,46.7
31,7,46.6
31,8,46.9
31,9,50.4
31,10,54.0
31,11,57.0
31,12,59.5
31,13,61.7
31,14,63.3
31,15,64.3
31,16,64.7
31,17,64.0
31,18,61.4
31,19,58.7
31,20,56.5
31,21,54.5
31,22,53.1
31,23,52.0
32,0,50.9
32,1,50.1
32,2,49.4
32,3,48.8
32,4,47.9
32,5,47.5
32,6,47.1
32,7,47.0
32,8,47.3
32,9,50.7
32,10,54.2
32,11,57.3
32,12,59.8
32,13,61.9
32,14,63.6
32,15,64.7
32,16,64.9
32,17,64.3
32,18,61.7
32,19,58.9
32,20,56.7
32,21,54.7
32,22,53.2
32,23,52.2
33,0,51.2
33,1,50.3
33,2,49.6
33,3,49.1
33,4,48.2
33,5,47.8
33,6,47.3
33,7,47.1
33,8,47.4
33,9,50.7
33,10,54.1
33,11,57.1
33,12,59.6
33,13,61.8
33,14,63.5
33,15,64.5
33,16,64.8
33,17,64.3
33,18,61.7
33,19,59.0
33,20,56.8
33,21,54.8
33,22,53.3
33,23,52.4
34,0,51.3
34,1,50.5
34,2,49.9
34,3,49.3
34,4,48.5
34,5,48.1
34,6,47.7
34,7,47.4
34,8,47.6
34,9,50.8
34,10,54.2
34,11,57.1
34,12,59.5
34,13,61.6
34,14,63.2
34,15,64.2
34,16,64.5
34,17,63.9
34,18,61.4
34,19,58.7
34,20,56.5
34,21,54.5
34,22,53.1
34,23,52.1
35,0,51.1
35,1,50.3
35,2,49.7
35,3,49.1
35,4,48.3
35,5,47.9
35,6,47.4
35,7,47.1
35,8,47.3
35,9,50.5
35,10,53.7
35,11,56.5
35,12,58.8
35,13,61.0
35,14,62.7
35,15,63.7
35,16,64.0
35,17,63.5
35,18,61.0
35,19,58.4
35,20,56.2
35,21,54.3
35,22,52.8
35,23,51.9
36,0,50.9
36,1,50.1
36,2,49.4
36,3,48.8
36,4,48.0
36,5,47.6
36,6,47.2
36,7,46.8
36,8,47.2
36,9,50.4
36,10,53.5
36,11,56.4
36,12,58.7
36,13,60.9
36,14,62.6
36,15,63.6
36,16,64.0
36,17,63.4
36,18,61.0
36,19,58.2
36,20,56.1
36,21,54.2
36,22,52.7
36,23,51.8
37,0,50.8
37,1,50.0
37,2,49.3
37,3,48.8
37,4,47.9
37,5,47.5
37,6,47.1
37,7,46.7
37,8,47.1
37,9,50.3
37,10,53.4
37,11,56.2
37,12,58.6
37,13,60.8
37,14,62.6
37,15,63.7
37,16,64.0
37,17,63.5
37,18,61.2
37,19,58.4
37,20,56.3
37,21,54.4
37,22,52.9
37,23,52.0
38,0,51.1
38,1,50.3
38,2,49.5
38,3,49.0
38,4,48.0
38,5,47.6
38,6,47.2
38,7,46.8
38,8,47.3
38,9,50.6
38,10,53.7
38,11,56.4
38,12,58.8
38,13,61.1
38,14,63.0
38,15,64.0
38,16,64.4
38,17,63.9
38,18,61.5
38,19,58.6
38,20,56.5
38,21,54.7
38,22,53.2
38,23,52.4
39,0,51.4
39,1,50.6
39,2,49.8
39,3,49.3
39,4,48.4
39,5,47.9
39,6,47.5
39,7,47.2
39,8,47.7
39,9,50.9
39,10,54.0
39,11,56.8
39,12,59.2
39,13,61.5
39,14,63.3
39,15,64.3
39,16,64.7
39,17,64.2
39,18,61.8
39,19,58.8
39,20,56.7
39,21,54.9
39,22,53.3
39,23,52.4
40,0,51.4
40,1,50.6
40,2,49.8
40,3,49.2
40,4,48.4
40,5,47.9
40,6,47.6
40,7,47.2
40,8,47.8
40,9,51.0
40,10,53.9
40,11,56.7
40,12,59.1
40,13,61.3
40,14,63.1
40,15,64.1
40,16,64.5
40,17,64.0
40,18,61.7
40,19,58.8
40,20,56.8
40,21,55.0
40,22,53.5
40,23,52.6
41,0,51.6
41,1,50.9
41,2,50.0
41,3,49.4
41,4,48.7
41,5,48.2
41,6,47.8
41,7,47.5
41,8,48.1
41,9,51.3
41,10,54.3
41,11,57.0
41,12,59.4
41,13,61.7
41,14,63.5
41,15,64.5
41,16,64.9
41,17,64.4
41,18,62.2
41,19,59.2
41,20,57.1
41,21,55.3
41,22,53.8
41,23,52.9
42,0,51.9
42,1,51.2
42,2,50.3
42,3,49.7
42,4,49.0
42,5,48.4
42,6,48.1
42,7,47.8
42,8,48.4
42,9,51.6
42,10,54.7
42,11,57.5
42,12,59.9
42,13,62.3
42,14,64.1
42,15,65.1
42,16,65.5
42,17,65.0
42,18,62.7
42,19,59.5
42,20,57.5
42,21,55.6
42,22,54.1
42,23,53.2
43,0,52.1
43,1,51.4
43,2,50.5
43,3,49.9
43,4,49.2
43,5,48.7
43,6,48.4
43,7,48.0
43,8,48.7
43,9,51.9
43,10,54.8
43,11,57.6
43,12,60.1
43,13,62.4
43,14,64.1
43,15,65.2
43,16,65.6
43,17,65.0
43,18,62.8
43,19,59.8
43,20,57.8
43,21,56.0
43,22,54.5
43,23,53.5
44,0,52.5
44,1,51.9
44,2,51.0
44,3,50.4
44,4,49.7
44,5,49.2
44,6,48.9
44,7,48.6
44,8,49.3
44,9,52.4
44,10,55.2
44,11,57.9
44,12,60.3
44,13,62.7
44,14,64.4
44,15,65.5
44,16,66.0
44,17,65.4
44,18,63.3
44,19,60.2
44,20,58.3
44,21,56.5
44,22,54.9
44,23,54.0
45,0,53.0
45,1,52.4
45,2,51.5
45,3,51.0
45,4,50.4
45,5,49.9
45,6,49.6
45,7,49.2
45,8,49.9
45,9,53.0
45,10,55.8
45,11,58.4
45,12,60.8
45,13,63.1
45,14,64.9
45,15,66.0
45,16,66.4
45,17,65.9
45,18,63.8
45,19,60.7
45,20,58.7
45,21,56.9
45,22,55.3
45,23,54.3
46,0,53.4
46,1,52.7
46,2,51.8
46,3,51.3
46,4,50.7
46,5,50.1
46,6,49.8
46,7,49.4
46,8,50.1
46,9,53.2
46,10,56.0
46,11,58.6
46,12,61.1
46,13,63.4
46,14,65.1
46,15,66.2
46,16,66.6
46,17,66.1
46,18,64.0
46,19,60.8
46,20,59.0
46,21,57.1
46,22,55.5
46,23,54.6
47,0,53.6
47,1,53.0
47,2,52.1
47,3,51.5
47,4,50.9
47,5,50.4
47,6,50.1
47,7,49.6
47,8,50.5
47,9,53.4
47,10,56.3
47,11,58.9
47,12,61.3
47,13,63.6
47,14,65.4
47,15,66.4
47,16,66.9
47,17,66.3
47,18,64.3
47,19,61.1
47,20,59.2
47,21,57.5
47,22,55.9
47,23,55.0
48,0,54.0
48,1,53.4
48,2,52.4
48,3,51.8
48,4,51.2
48,5,50.7
48,6,50.5
48,7,50.0
48,8,50.9
48,9,53.9
48,10,56.8
48,11,59.4
48,12,61.8
48,13,64.1
48,14,65.9
48,15,67.0
48,16,67.4
48,17,66.8
48,18,64.7
48,19,61.5
48,20,59.6
48,21,57.7
48,22,56.1
48,23,55.0
49,0,54.1
49,1,53.3
49,2,52.3
49,3,51.7
49,4,51.0
49,5,50.6
49,6,50.3
49,7,49.9
49,8,50.9
49,9,54.0
49,10,57.0
49,11,59.7
49,12,62.2
49,13,64.5
49,14,66.3
49,15,67.5
49,16,68.0
49,17,67.4
49,18,65.3
49,19,61.9
49,20,59.9
49,21,58.0
49,22,56.4
49,23,55.3
50,0,54.3
50,1,53.5
50,2,52.5
50,3,51.9
50,4,51.2
50,5,50.7
50,6,50.4
50,7,50.1
50,8,51.1
50,9,54.4
50,10,57.4
50,11,60.1
50,12,62.7
50,13,65.0
50,14,66.9
50,15,68.0
50,16,68.5
50,17,67.8
50,18,65.7
50,19,62.4
50,20,60.3
50,21,58.3
50,22,56.8
50,23,55.6
51,0,54.6
51,1,53.8
51,2,52.8
51,3,52.2
51,4,51.5
51,5,51.0
51,6,50.8
51,7,50.5
51,8,51.6
51,9,54.8
51,10,57.7
51,11,60.4
51,12,63.0
51,13,65.3
51,14,67.1
51,15,68.3
51,16,68.8
51,17,68.2
51,18,66.1
51,19,62.8
51,20,60.7
51,21,58.8
51,22,57.3
51,23,56.2
52,0,55.1
52,1,54.5
52,2,53.5
52,3,52.8
52,4,52.2
52,5,51.7
52,6,51.5
52,7,51.1
52,8,52.3
52,9,55.3
52,10,58.1
52,11,60.8
52,12,63.3
52,13,65.6
52,14,67.4
52,15,68.6
52,16,69.1
52,17,68.5
52,18,66.4
52,19,63.2
52,20,61.0
52,21,59.1
52,22,57.6
52,23,56.5
53,0,55.4
53,1,54.8
53,2,53.9
53,3,53.2
53,4,52.7
53,5,52.2
53,6,52.0
53,7,51.6
53,8,52.7
53,9,55.7
53,10,58.5
53,11,61.1
53,12,63.5
53,13,65.8
53,14,67.6
53,15,68.7
53,16,69.3
53,17,68.6
53,18,66.6
53,19,63.4
53,20,61.2
53,21,59.3
53,22,57.7
53,23,56.6
54,0,55.5
54,1,54.9
54,2,54.0
54,3,53.3
54,4,52.7
54,5,52.2
54,6,51.9
54,7,51.5
54,8,52.7
54,9,55.7
54,10,58.5
54,11,61.1
54,12,63.5
54,13,65.8
54,14,67.5
54,15,68.7
54,16,69.1
54,17,68.4
54,18,66.5
54,19,63.3
54,20,61.1
54,21,59.3
54,22,57.7
54,23,56.6
55,0,55.6
55,1,54.9
55,2,54.0
55,3,53.3
55,4,52.7
55,5,52.2
55,6,51.9
55,7,51.5
55,8,52.8
55,9,55.9
55,10,58.7
55,11,61.3
55,12,63.7
55,13,66.0
55,14,67.8
55,15,68.9
55,16,69.3
55,17,68.6
55,18,66.7
55,19,63.4
55,20,61.2
55,21,59.4
55,22,57.9
55,23,56.7
56,0,55.8
56,1,55.0
56,2,54.1
56,3,53.4
56,4,52.9
56,5,52.3
56,6,52.1
56,7,51.6
56,8,52.9
56,9,55.9
56,10,58.7
56,11,61.4
56,12,63.8
56,13,66.1
56,14,67.8
56,15,68.9
56,16,69.3
56,17,68.7
56,18,66.7
56,19,63.5
56,20,61.2
56,21,59.5
56,22,57.9
56,23,56.7
57,0,55.7
57,1,54.9
57,2,54.0
57,3,53.3
57,4,52.8
57,5,52.2
57,6,52.0
57,7,51.4
57,8,52.7
57,9,55.8
57,10,58.6
57,11,61.3
57,12,63.7
57,13,66.0
57,14,67.7
57,15,68.8
57,16,69.3
57,17,68.7
57,18,66.7
57,19,63.5
57,20,61.2
57,21,59.4
57,22,57.8
57,23,56.6
58,0,55.6
58,1,54.8
58,2,53.8
58,3,53.2
58,4,52.6
58,5,52.0
58,6,51.7
58,7,51.2
58,8,52.6
58,9,55.8
58,10,58.7
58,11,61.5
58,12,63.9
58,13,66.3
58,14,68.0
58,15,69.1
58,16,69.5
58,17,68.9
58,18,66.9
58,19,63.6
58,20,61.4
58,21,59.5
58,22,57.9
58,23,56.6
59,0,55.7
59,1,54.8
59,2,53.8
59,3,53.1
59,4,52.6
59,5,52.0
59,6,51.6
59,7,51.1
59,8,52.6
59,9,55.9
59,10,58.8
59,11,61.6
59,12,64.1
59,13,66.3
59,14,68.1
59,15,69.2
59,16,69.5
59,17,68.9
59,18,66.9
59,19,63.6
59,20,61.3
59,21,59.5
59,22,57.9
59,23,56.6
60,0,55.7
60,1,54.8
60,2,53.9
60,3,53.2
60,4,52.6
60,5,52.1
60,6,51.8
60,7,51.3
60,8,52.9
60,9,56.0
60,10,59.0
60,11,61.8
60,12,64.3
60,13,66.5
60,14,68.2
60,15,69.3
60,16,69.6
60,17,69.0
60,18,67.0
60,19,63.7
60,20,61.4
60,21,59.8
60,22,58.2
60,23,56.9
61,0,56.1
61,1,55.2
61,2,54.4
61,3,53.7
61,4,53.2
61,5,52.6
61,6,52.3
61,7,51.9
61,8,53.4
61,9,56.4
61,10,59.3
61,11,62.1
61,12,64.5
61,13,66.7
61,14,68.3
61,15,69.5
61,16,69.7
61,17,69.2
61,18,67.2
61,19,63.9
61,20,61.7
61,21,60.0
61,22,58.5
61,23,57.2
62,0,56.3
62,1,55.4
62,2,54.6
62,3,53.9
62,4,53.5
62,5,53.0
62,6,52.7
62,7,52.4
62,8,53.8
62,9,56.9
62,10,59.7
62,11,62.4
62,12,64.8
62,13,66.9
62,14,68.6
62,15,69.7
62,16,69.9
62,17,69.4
62,18,67.5
62,19,64.2
62,20,62.0
62,21,60.4
62,22,58.8
62,23,57.6
63,0,56.6
63,1,55.8
63,2,55.0
63,3,54.3
63,4,53.9
63,5,53.4
63,6,53.1
63,7,52.7
63,8,54.2
63,9,57.1
63,10,59.8
63,11,62.5
63,12,64.9
63,13,67.0
63,14,68.7
63,15,69.7
63,16,69.9
63,17,69.5
63,18,67.6
63,19,64.4
63,20,62.2
63,21,60.7
63,22,59.1
63,23,57.7
64,0,56.8
64,1,55.9
64,2,55.2
64,3,54.6
64,4,54.1
64,5,53.6
64,6,53.4
64,7,52.9
64,8,54.5
64,9,57.4
64,10,60.1
64,11,62.8
64,12,65.3
64,13,67.3
64,14,69.0
64,15,70.0
64,16,70.3
64,17,69.8
64,18,68.0
64,19,64.8
64,20,62.6
64,21,61.0
64,22,59.5
64,23,58.2
65,0,57.2
65,1,56.4
65,2,55.8
65,3,55.2
65,4,54.7
65,5,54.1
65,6,53.9
65,7,53.4
65,8,55.0
65,9,57.8
65,10,60.5
65,11,63.2
65,12,65.7
65,13,67.7
65,14,69.4
65,15,70.4
65,16,70.7
65,17,70.2
65,18,68.4
65,19,65.1
65,20,62.9
65,21,61.4
65,22,59.9
65,23,58.6
66,0,57.7
66,1,56.8
66,2,56.1
66,3,55.5
66,4,55.0
66,5,54.4
66,6,54.1
66,7,53.7
66,8,55.2
66,9,58.2
66,10,60.9
66,11,63.6
66,12,66.1
66,13,68.1
66,14,69.7
66,15,70.7
66,16,70.9
66,17,70.4
66,18,68.6
66,19,65.4
66,20,63.1
66,21,61.6
66,22,60.0
66,23,58.7
67,0,57.7
67,1,56.8
67,2,56.0
67,3,55.5
67,4,55.0
67,5,54.5
67,6,54.2
67,7,53.8
67,8,55.5
67,9,58.5
67,10,61.2
67,11,64.0
67,12,66.4
67,13,68.4
67,14,70.0
67,15,71.0
67,16,71.1
67,17,70.7
67,18,68.8
67,19,65.6
67,20,63.4
67,21,61.8
67,22,60.3
67,23,59.0
68,0,58.0
68,1,57.0
68,2,56.3
68,3,55.8
68,4,55.3
68,5,54.9
68,6,54.7
68,7,54.3
68,8,55.9
68,9,58.9
68,10,61.6
68,11,64.3
68,12,66.7
68,13,68.7
68,14,70.3
68,15,71.3
68,16,71.3
68,17,70.9
68,18,69.1
68,19,66.0
68,20,63.8
68,21,62.2
68,22,60.8
68,23,59.5
69,0,58.4
69,1,57.5
69,2,56.8
69,3,56.4
69,4,55.9
69,5,55.4
69,6,55.3
69,7,54.9
69,8,56.5
69,9,59.3
69,10,62.0
69,11,64.7
69,12,67.1
69,13,69.1
69,14,70.7
69,15,71.8
69,16,71.9
69,17,71.5
69,18,69.7
69,19,66.5
69,20,64.3
69,21,62.8
69,22,61.4
69,23,60.1
70,0,59.1
70,1,58.2
70,2,57.5
70,3,57.1
70,4,56.5
70,5,56.1
70,6,56.0
70,7,55.7
70,8,57.3
70,9,60.2
70,10,62.8
70,11,65.4
70,12,67.9
70,13,69.8
70,14,71.5
70,15,72.6
70,16,72.7
70,17,72.3
70,18,70.4
70,19,67.2
70,20,65.0
70,21,63.5
70,22,62.0
70,23,60.7
71,0,59.7
71,1,58.9
71,2,58.2
71,3,57.8
71,4,57.3
71,5,56.9
71,6,56.8
71,7,56.6
71,8,58.1
71,9,60.8
71,10,63.3
71,11,66.0
71,12,68.4
71,13,70.4
71,14,72.0
71,15,73.1
71,16,73.2
71,17,72.7
71,18,70.9
71,19,67.8
71,20,65.6
71,21,64.0
71,22,62.6
71,23,61.3
72,0,60.3
72,1,59.3
72,2,58.7
72,3,58.3
72,4,57.7
72,5,57.4
72,6,57.3
72,7,57.0
72,8,58.6
72,9,61.2
72,10,63.7
72,11,66.3
72,12,68.7
72,13,70.6
72,14,72.2
72,15,73.3
72,16,73.3
72,17,72.8
72,18,71.0
72,19,67.9
72,20,65.7
72,21,64.2
72,22,62.9
72,23,61.6
73,0,60.6
73,1,59.6
73,2,59.0
73,3,58.5
73,4,57.9
73,5,57.6
73,6,57.4
73,7,57.2
73,8,58.8
73,9,61.5
73,10,64.0
73,11,66.6
73,12,69.0
73,13,71.0
73,14,72.5
73,15,73.5
73,16,73.6
73,17,73.2
73,18,71.4
73,19,68.3
73,20,66.0
73,21,64.5
73,22,63.0
73,23,61.8
74,0,60.8
74,1,59.9
74,2,59.2
74,3,58.7
74,4,58.1
74,5,57.8
74,6,57.6
74,7,57.5
74,8,59.1
74,9,61.8
74,10,64.3
74,11,66.9
74,12,69.3
74,13,71.4
74,14,72.9
74,15,73.9
74,16,74.0
74,17,73.6
74,18,71.7
74,19,68.7
74,20,66.3
74,21,64.7
74,22,63.3
74,23,62.0
75,0,61.0
75,1,60.0
75,2,59.3
75,3,58.8
75,4,58.2
75,5,57.9
75,6,57.7
75,7,57.5
75,8,59.2
75,9,61.9
75,10,64.5
75,11,67.1
75,12,69.5
75,13,71.5
75,14,73.0
75,15,74.0
75,16,74.2
75,17,73.7
75,18,71.9
75,19,68.8
75,20,66.5
75,21,64.8
75,22,63.4
75,23,62.2
76,0,61.1
76,1,60.1
76,2,59.4
76,3,58.9
76,4,58.2
76,5,57.9
76,6,57.7
76,7,57.5
76,8,59.3
76,9,61.9
76,10,64.6
76,11,67.2
76,12,69.6
76,13,71.7
76,14,73.2
76,15,74.2
76,16,74.4
76,17,74.0
76,18,72.2
76,19,69.0
76,20,66.7
76,21,65.0
76,22,63.5
76,23,62.2
77,0,61.1
77,1,60.1
77,2,59.4
77,3,58.8
77,4,58.2
77,5,57.9
77,6,57.6
77,7,57.4
77,8,59.3
77,9,62.0
77,10,64.6
77,11,67.4
77,12,69.8
77,13,71.9
77,14,73.4
77,15,74.5
77,16,74.7
77,17,74.2
77,18,72.4
77,19,69.2
77,20,66.8
77,21,65.1
77,22,63.6
77,23,62.3
78,0,61.2
78,1,60.3
78,2,59.6
78,3,59.0
78,4,58.4
78,5,58.0
78,6,57.8
78,7,57.6
78,8,59.5
78,9,62.2
78,10,65.0
78,11,67.7
78,12,70.1
78,13,72.3
78,14,73.8
78,15,74.9
78,16,75.0
78,17,74.5
78,18,72.7
78,19,69.5
78,20,67.0
78,21,65.3
78,22,63.8
78,23,62.6
79,0,61.6
79,1,60.7
79,2,60.1
79,3,59.5
79,4,58.9
79,5,58.5
79,6,58.3
79,7,58.2
79,8,60.1
79,9,62.8
79,10,65.5
79,11,68.1
79,12,70.5
79,13,72.6
79,14,74.1
79,15,75.2
79,16,75.3
79,17,74.8
79,18,72.9
79,19,69.7
79,20,67.3
79,21,65.7
79,22,64.2
79,23,62.9
80,0,61.9
80,1,61.0
80,2,60.4
80,3,59.8
80,4,59.2
80,5,58.9
80,6,58.7
80,7,58.6
80,8,60.5
80,9,63.1
80,10,65.7
80,11,68.3
80,12,70.7
80,13,72.8
80,14,74.3
80,15,75.3
80,16,75.4
80,17,74.9
80,18,73.1
80,19,69.9
80,20,67.5
80,21,65.8
80,22,64.3
80,23,63.0
81,0,62.0
81,1,61.1
81,2,60.5
81,3,59.9
81,4,59.3
81,5,59.0
81,6,58.8
81,7,58.8
81,8,60.7
81,9,63.2
81,10,65.8
81,11,68.4
81,12,70.8
81,13,72.9
81,14,74.3
81,15,75.4
81,16,75.5
81,17,75.1
81,18,73.2
81,19,70.1
81,20,67.7
81,21,66.0
81,22,64.5
81,23,63.3
82,0,62.3
82,1,61.4
82,2,60.8
82,3,60.2
82,4,59.7
82,5,59.4
82,6,59.1
82,7,59.1
82,8,61.0
82,9,63.4
82,10,66.0
82,11,68.6
82,12,71.0
82,13,73.0
82,14,74.5
82,15,75.6
82,16,75.7
82,17,75.3
82,18,73.5
82,19,70.3
82,20,67.9
82,21,66.2
82,22,64.7
82,23,63.5
83,0,62.5
83,1,61.7
83,2,61.0
83,3,60.5
83,4,59.9
83,5,59.5
83,6,59.2
83,7,59.1
83,8,61.1
83,9,63.6
83,10,66.1
83,11,68.8
83,12,71.2
83,13,73.2
83,14,74.8
83,15,75.8
83,16,76.0
83,17,75.6
83,18,73.8
83,19,70.5
83,20,68.1
83,21,66.3
83,22,64.8
83,23,63.6
84,0,62.5
84,1,61.7
84,2,61.1
84,3,60.5
84,4,60.0
84,5,59.6
84,6,59.3
84,7,59.2
84,8,61.2
84,9,63.7
84,10,66.3
84,11,69.0
84,12,71.4
84,13,73.4
84,14,75.0
84,15,76.0
84,16,76.3
84,17,75.7
84,18,73.9
84,19,70.7
84,20,68.2
84,21,66.4
84,22,64.9
84,23,63.7
85,0,62.7
85,1,61.8
85,2,61.2
85,3,60.7
85,4,60.1
85,5,59.8
85,6,59.4
85,7,59.4
85,8,61.3
85,9,63.8
85,10,66.4
85,11,69.0
85,12,71.4
85,13,73.5
85,14,75.0
85,15,76.1
85,16,76.3
85,17,75.8
85,18,74.1
85,19,70.8
85,20,68.4
85,21,66.6
85,22,65.0
85,23,63.8
86,0,62.8
86,1,62.0
86,2,61.3
86,3,60.7
86,4,60.2
86,5,59.9
86,6,59.5
86,7,59.5
86,8,61.6
86,9,64.1
86,10,66.6
86,11,69.3
86,12,71.6
86,13,73.6
86,14,75.2
86,15,76.2
86,16,76.4
86,17,76.0
86,18,74.3
86,19,71.0
86,20,68.6
86,21,66.7
86,22,65.1
86,23,63.9
87,0,62.9
87,1,62.3
87,2,61.6
87,3,61.0
87,4,60.5
87,5,60.1
87,6,59.8
87,7,59.8
87,8,61.9
87,9,64.4
87,10,66.8
87,11,69.5
87,12,71.8
87,13,73.9
87,14,75.5
87,15,76.5
87,16,76.8
87,17,76.3
87,18,74.6
87,19,71.3
87,20,68.9
87,21,67.1
87,22,65.4
87,23,64.2
88,0,63.2
88,1,62.5
88,2,61.8
88,3,61.2
88,4,60.7
88,5,60.4
88,6,60.1
88,7,60.1
88,8,62.1
88,9,64.6
88,10,67.0
88,11,69.7
88,12,72.0
88,13,74.1
88,14,75.7
88,15,76.8
88,16,77.0
88,17,76.5
88,18,74.8
88,19,71.5
88,20,69.1
88,21,67.3
88,22,65.6
88,23,64.4
89,0,63.4
89,1,62.7
89,2,62.0
89,3,61.5
89,4,61.0
89,5,60.6
89,6,60.3
89,7,60.3
89,8,62.4
89,9,64.8
89,10,67.2
89,11,69.9
89,12,72.2
89,13,74.2
89,14,75.8
89,15,76.9
89,16,77.1
89,17,76.7
89,18,74.9
89,19,71.7
89,20,69.2
89,21,67.4
89,22,65.7
89,23,64.5
90,0,63.4
90,1,62.7
90,2,62.0
90,3,61.4
90,4,61.0
90,5,60.6
90,6,60.3
90,7,60.3
90,8,62.3
90,9,64.8
90,10,67.3
90,11,70.0
90,12,72.2
90,13,74.2
90,14,75.9
90,15,76.9
90,16,77.2
90,17,76.7
90,18,75.0
90,19,71.8
90,20,69.2
90,21,67.3
90,22,65.7
90,23,64.4
91,0,63.3
91,1,62.6
91,2,61.9
91,3,61.3
91,4,60.9
91,5,60.5
91,6,60.2
91,7,60.3
91,8,62.4
91,9,65.1
91,10,67.5
91,11,70.3
91,12,72.6
91,13,74.6
91,14,76.3
91,15,77.3
91,16,77.5
91,17,77.0
91,18,75.4
91,19,72.1
91,20,69.5
91,21,67.5
91,22,65.9
91,23,64.6
92,0,63.5
92,1,62.9
92,2,62.2
92,3,61.6
92,4,61.1
92,5,60.7
92,6,60.5
92,7,60.6
92,8,62.8
92,9,65.5
92,10,67.9
92,11,70.6
92,12,72.9
92,13,74.8
92,14,76.6
92,15,77.6
92,16,77.9
92,17,77.3
92,18,75.6
92,19,72.4
92,20,69.8
92,21,67.8
92,22,66.2
92,23,65.0
93,0,63.9
93,1,63.1
93,2,62.4
93,3,61.9
93,4,61.4
93,5,61.1
93,6,60.7
93,7,60.9
93,8,63.0
93,9,65.6
93,10,68.0
93,11,70.7
93,12,73.1
93,13,75.0
93,14,76.7
93,15,77.7
93,16,78.1
93,17,77.5
93,18,75.8
93,19,72.6
93,20,70.0
93,21,68.0
93,22,66.4
93,23,65.2
94,0,64.1
94,1,63.3
94,2,62.5
94,3,61.9
94,4,61.5
94,5,61.1
94,6,60.8
94,7,60.9
94,8,63.1
94,9,65.7
94,10,68.1
94,11,70.8
94,12,73.1
94,13,75.0
94,14,76.7
94,15,77.7
94,16,78.1
94,17,77.6
94,18,75.9
94,19,72.7
94,20,70.1
94,21,68.0
94,22,66.4
94,23,65.3
95,0,64.2
95,1,63.4
95,2,62.6
95,3,62.0
95,4,61.6
95,5,61.2
95,6,60.8
95,7,61.0
95,8,63.2
95,9,65.9
95,10,68.4
95,11,71.1
95,12,73.4
95,13,75.3
95,14,77.0
95,15,78.0
95,16,78.4
95,17,77.8
95,18,76.2
95,19,73.0
95,20,70.3
95,21,68.3
95,22,66.7
95,23,65.4
96,0,64.4
96,1,63.6
96,2,62.9
96,3,62.3
96,4,61.8
96,5,61.5
96,6,61.1
96,7,61.3
96,8,63.5
96,9,66.1
96,10,68.5
96,11,71.1
96,12,73.5
96,13,75.4
96,14,77.1
96,15,78.1
96,16,78.5
96,17,77.9
96,18,76.3
96,19,73.0
96,20,70.3
96,21,68.3
96,22,66.6
96,23,65.4
97,0,64.3
97,1,63.5
97,2,62.8
97,3,62.2
97,4,61.7
97,5,61.3
97,6,61.0
97,7,61.2
97,8,63.4
97,9,66.0
97,10,68.3
97,11,70.9
97,12,73.3
97,13,75.3
97,14,77.1
97,15,78.1
97,16,78.4
97,17,77.9
97,18,76.3
97,19,72.9
97,20,70.2
97,21,68.1
97,22,66.5
97,23,65.2
98,0,64.1
98,1,63.3
98,2,62.5
98,3,61.9
98,4,61.4
98,5,61.0
98,6,60.6
98,7,61.0
98,8,63.3
98,9,66.0
98,10,68.4
98,11,70.9
98,12,73.3
98,13,75.3
98,14,77.1
98,15,78.0
98,16,78.3
98,17,77.8
98,18,76.2
98,19,72.9
98,20,70.1
98,21,68.1
98,22,66.4
98,23,65.1
99,0,64.0
99,1,63.2
99,2,62.4
99,3,61.8
99,4,61.3
99,5,60.9
99,6,60.5
99,7,60.9
99,8,63.3
99,9,66.1
99,10,68.4
99,11,70.9
99,12,73.3
99,13,75.2
99,14,76.9
99,15,77.8
99,16,78.2
99,17,77.7
99,18,76.1
99,19,72.9
99,20,70.2
99,21,68.1
99,22,66.5
99,23,65.2
100,0,64.1
100,1,63.3
100,2,62.5
100,3,61.8
100,4,61.4
100,5,61.0
100,6,60.6
100,7,61.0
100,8,63.4
100,9,66.2
100,10,68.5
100,11,71.0
100,12,73.3
100,13,75.2
100,14,76.8
100,15,77.7
100,16,78.0
100,17,77.5
100,18,75.9
100,19,72.8
100,20,70.1
100,21,68.1
100,22,66.5
100,23,65.2
101,0,64.0
101,1,63.3
101,2,62.5
101,3,61.9
101,4,61.4
101,5,61.0
101,6,60.6
101,7,61.0
101,8,63.4
101,9,66.1
101,10,68.4
101,11,70.9
101,12,73.3
101,13,75.1
101,14,76.8
101,15,77.8
101,16,78.1
101,17,77.6
101,18,75.9
101,19,72.7
101,20,69.9
101,21,68.0
101,22,66.4
101,23,65.2
102,0,64.0
102,1,63.1
102,2,62.4
102,3,61.8
102,4,61.4
102,5,60.9
102,6,60.6
102,7,61.1
102,8,63.5
102,9,66.2
102,10,68.6
102,11,71.2
102,12,73.6
102,13,75.5
102,14,77.2
102,15,78.1
102,16,78.4
102,17,77.9
102,18,76.3
102,19,73.1
102,20,70.3
102,21,68.2
102,22,66.7
102,23,65.4
103,0,64.2
103,1,63.3
103,2,62.5
103,3,62.0
103,4,61.6
103,5,61.2
103,6,60.8
103,7,61.4
103,8,63.8
103,9,66.6
103,10,68.9
103,11,71.5
103,12,73.8
103,13,75.7
103,14,77.3
103,15,78.2
103,16,78.5
103,17,78.1
103,18,76.5
103,19,73.3
103,20,70.5
103,21,68.5
103,22,66.9
103,23,65.6
104,0,64.5
104,1,63.5
104,2,62.7
104,3,62.1
104,4,61.7
104,5,61.3
104,6,61.0
104,7,61.6
104,8,64.0
104,9,66.8
104,10,69.1
104,11,71.7
104,12,74.1
104,13,76.0
104,14,77.6
104,15,78.4
104,16,78.8
104,17,78.4
104,18,76.8
104,19,73.6
104,20,70.8
104,21,68.8
104,22,67.3
104,23,65.9
105,0,64.8
105,1,63.9
105,2,63.2
105,3,62.5
105,4,62.1
105,5,61.7
105,6,61.4
105,7,62.1
105,8,64.6
105,9,67.2
105,10,69.6
105,11,72.1
105,12,74.4
105,13,76.4
105,14,77.9
105,15,78.9
105,16,79.2
105,17,78.8
105,18,77.2
105,19,74.0
105,20,71.3
105,21,69.4
105,22,67.7
105,23,66.4
106,0,65.3
106,1,64.4
106,2,63.6
106,3,63.0
106,4,62.5
106,5,62.1
106,6,61.9
106,7,62.6
106,8,65.1
106,9,67.7
106,10,70.0
106,11,72.5
106,12,74.8
106,13,76.7
106,14,78.2
106,15,79.1
106,16,79.4
106,17,79.0
106,18,77.3
106,19,74.2
106,20,71.5
106,21,69.7
106,22,68.0
106,23,66.7
107,0,65.6
107,1,64.6
107,2,63.9
107,3,63.3
107,4,62.8
107,5,62.4
107,6,62.1
107,7,62.8
107,8,65.3
107,9,67.8
107,10,70.1
107,11,72.6
107,12,74.9
107,13,76.7
107,14,78.2
107,15,79.1
107,16,79.4
107,17,79.0
107,18,77.4
107,19,74.4
107,20,71.7
107,21,69.9
107,22,68.2
107,23,66.8
108,0,65.7
108,1,64.8
108,2,64.1
108,3,63.4
108,4,63.0
108,5,62.6
108,6,62.4
108,7,63.1
108,8,65.7
108,9,68.3
108,10,70.6
108,11,73.1
108,12,75.3
108,13,77.2
108,14,78.7
108,15,79.4
108,16,79.7
108,17,79.3
108,18,77.7
108,19,74.7
108,20,71.9
108,21,70.1
108,22,68.4
108,23,67.0
109,0,65.8
109,1,64.9
109,2,64.3
109,3,63.6
109,4,63.1
109,5,62.7
109,6,62.6
109,7,63.3
109,8,66.0
109,9,68.6
109,10,70.9
109,11,73.4
109,12,75.7
109,13,77.6
109,14,79.1
109,15,79.8
109,16,80.2
109,17,79.7
109,18,78.1
109,19,75.1
109,20,72.3
109,21,70.5
109,22,68.8
109,23,67.4
110,0,66.2
110,1,65.2
110,2,64.6
110,3,63.8
110,4,63.3
110,5,62.9
110,6,62.8
110,7,63.6
110,8,66.2
110,9,68.8
110,10,71.2
110,11,73.7
110,12,75.8
110,13,77.7
110,14,79.2
110,15,79.9
110,16,80.3
110,17,79.9
110,18,78.2
110,19,75.2
110,20,72.4
110,21,70.6
110,22,69.0
110,23,67.6
111,0,66.4
111,1,65.4
111,2,64.7
111,3,64.0
111,4,63.5
111,5,63.1
111,6,62.9
111,7,63.7
111,8,66.4
111,9,69.1
111,10,71.5
111,11,74.1
111,12,76.2
111,13,78.0
111,14,79.5
111,15,80.2
111,16,80.5
111,17,80.1
111,18,78.5
111,19,75.5
111,20,72.7
111,21,71.0
111,22,69.4
111,23,68.0
112,0,66.8
112,1,65.8
112,2,65.0
112,3,64.3
112,4,63.8
112,5,63.4
112,6,63.3
112,7,64.2
112,8,66.9
112,9,69.7
112,10,72.2
112,11,74.8
112,12,76.8
112,13,78.6
112,14,80.0
112,15,80.6
112,16,81.0
112,17,80.5
112,18,78.8
112,19,75.8
112,20,73.0
112,21,71.3
112,22,69.7
112,23,68.3
113,0,67.1
113,1,66.1
113,2,65.5
113,3,64.7
113,4,64.3
113,5,63.9
113,6,63.7
113,7,64.6
113,8,67.4
113,9,70.1
113,10,72.6
113,11,75.1
113,12,77.1
113,13,78.9
113,14,80.3
113,15,80.9
113,16,81.3
113,17,80.8
113,18,79.2
113,19,76.2
113,20,73.4
113,21,71.7
113,22,70.1
113,23,68.8
114,0,67.6
114,1,66.6
114,2,65.9
114,3,65.2
114,4,64.7
114,5,64.3
114,6,64.2
114,7,65.2
114,8,67.9
114,9,70.5
114,10,73.1
114,11,75.5
114,12,77.6
114,13,79.4
114,14,80.8
114,15,81.5
114,16,81.7
114,17,81.2
114,18,79.6
114,19,76.5
114,20,73.7
114,21,71.9
114,22,70.4
114,23,69.0
115,0,67.8
115,1,66.7
115,2,66.0
115,3,65.3
115,4,64.9
115,5,64.4
115,6,64.3
115,7,65.3
115,8,67.9
115,9,70.5
115,10,73.2
115,11,75.7
115,12,77.7
115,13,79.6
115,14,81.0
115,15,81.7
115,16,81.9
115,17,81.3
115,18,79.7
115,19,76.7
115,20,73.8
115,21,72.0
115,22,70.4
115,23,69.1
116,0,67.9
116,1,66.8
116,2,66.2
116,3,65.4
116,4,64.9
116,5,64.5
116,6,64.3
116,7,65.4
116,8,68.2
116,9,70.8
116,10,73.5
116,11,76.0
116,12,78.1
116,13,79.9
116,14,81.4
116,15,82.0
116,16,82.2
116,17,81.6
116,18,80.1
116,19,77.0
116,20,74.1
116,21,72.3
116,22,70.7
116,23,69.3
117,0,68.1
117,1,67.0
117,2,66.3
117,3,65.6
117,4,65.1
117,5,64.6
117,6,64.5
117,7,65.6
117,8,68.4
117,9,71.0
117,10,73.7
117,11,76.2
117,12,78.2
117,13,80.0
117,14,81.6
117,15,82.2
117,16,82.4
117,17,81.8
117,18,80.3
117,19,77.3
117,20,74.4
117,21,72.7
117,22,70.9
117,23,69.5
118,0,68.3
118,1,67.2
118,2,66.5
118,3,65.8
118,4,65.3
118,5,64.8
118,6,64.6
118,7,66.0
118,8,68.8
118,9,71.4
118,10,74.1
118,11,76.6
118,12,78.7
118,13,80.6
118,14,82.1
118,15,82.7
118,16,82.9
118,17,82.3
118,18,80.7
118,19,77.7
118,20,74.7
118,21,73.0
118,22,71.2
118,23,69.8
119,0,68.6
119,1,67.5
119,2,66.8
119,3,66.1
119,4,65.6
119,5,65.1
119,6,64.8
119,7,66.1
119,8,69.0
119,9,71.7
119,10,74.4
119,11,76.8
119,12,78.9
119,13,80.7
119,14,82.2
119,15,82.9
119,16,83.1
119,17,82.4
119,18,80.9
119,19,77.8
119,20,74.8
119,21,73.1
119,22,71.4
119,23,70.0
120,0,68.7
120,1,67.6
120,2,66.9
120,3,66.3
120,4,65.7
120,5,65.2
120,6,65.0
120,7,66.3
120,8,69.2
120,9,71.9
120,10,74.6
120,11,77.1
120,12,79.2
120,13,81.0
120,14,82.6
120,15,83.2
120,16,83.4
120,17,82.8
120,18,81.2
120,19,78.1
120,20,75.1
120,21,73.3
120,22,71.6
120,23,70.2
121,0,69.0
121,1,67.8
121,2,67.2
121,3,66.6
121,4,66.0
121,5,65.5
121,6,65.3
121,7,66.6
121,8,69.4
121,9,72.0
121,10,74.7
121,11,77.2
121,12,79.2
121,13,81.0
121,14,82.6
121,15,83.3
121,16,83.4
121,17,82.8
121,18,81.3
121,19,78.3
121,20,75.3
121,21,73.5
121,22,71.8
121,23,70.4
122,0,69.2
122,1,68.1
122,2,67.5
122,3,66.9
122,4,66.4
122,5,66.0
122,6,65.7
122,7,67.0
122,8,69.8
122,9,72.3
122,10,75.1
122,11,77.5
122,12,79.5
122,13,81.3
122,14,82.9
122,15,83.5
122,16,83.6
122,17,83.0
122,18,81.5
122,19,78.5
122,20,75.5
122,21,73.6
122,22,72.0
122,23,70.5
123,0,69.4
123,1,68.3
123,2,67.6
123,3,67.1
123,4,66.6
123,5,66.1
123,6,65.9
123,7,67.2
123,8,69.9
123,9,72.4
123,10,75.1
123,11,77.5
123,12,79.5
123,13,81.3
123,14,82.9
123,15,83.6
123,16,83.6
123,17,83.0
123,18,81.5
123,19,78.5
123,20,75.6
123,21,73.8
123,22,72.2
123,23,70.7
124,0,69.6
124,1,68.5
124,2,67.8
124,3,67.4
124,4,66.9
124,5,66.4
124,6,66.1
124,7,67.4
124,8,70.1
124,9,72.6
124,10,75.2
124,11,77.6
124,12,79.6
124,13,81.4
124,14,82.9
124,15,83.6
124,16,83.5
124,17,83.0
124,18,81.5
124,19,78.5
124,20,75.7
124,21,73.8
124,22,72.2
124,23,70.7
125,0,69.7
125,1,68.6
125,2,68.0
125,3,67.6
125,4,67.1
125,5,66.6
125,6,66.4
125,7,67.7
125,8,70.3
125,9,72.8
125,10,75.3
125,11,77.6
125,12,79.7
125,13,81.5
125,14,83.0
125,15,83.7
125,16,83.7
125,17,83.1
125,18,81.6
125,19,78.7
125,20,75.8
125,21,74.0
125,22,72.3
125,23,70.9
126,0,69.8
126,1,68.8
126,2,68.1
126,3,67.7
126,4,67.3
126,5,66.8
126,6,66.6
126,7,68.0
126,8,70.6
126,9,73.0
126,10,75.5
126,11,77.8
126,12,79.9
126,13,81.6
126,14,83.2
126,15,83.9
126,16,83.8
126,17,83.3
126,18,81.7
126,19,78.8
126,20,75.9
126,21,74.2
126,22,72.5
126,23,71.1
127,0,70.0
127,1,68.9
127,2,68.3
127,3,67.9
127,4,67.4
127,5,66.9
127,6,66.7
127,7,68.1
127,8,70.8
127,9,73.1
127,10,75.6
127,11,77.8
127,12,79.9
127,13,81.7
127,14,83.2
127,15,83.9
127,16,83.9
127,17,83.3
127,18,81.8
127,19,79.0
127,20,76.1
127,21,74.4
127,22,72.7
127,23,71.2
128,0,70.1
128,1,69.1
128,2,68.5
128,3,68.1
128,4,67.6
128,5,67.2
128,6,66.9
128,7,68.4
128,8,70.9
128,9,73.1
128,10,75.6
128,11,77.9
128,12,79.9
128,13,81.7
128,14,83.2
128,15,84.0
128,16,83.9
128,17,83.3
128,18,81.9
128,19,79.0
128,20,76.2
128,21,74.4
128,22,72.6
128,23,71.2
129,0,70.1
129,1,69.0
129,2,68.4
129,3,68.0
129,4,67.5
129,5,67.1
129,6,66.9
129,7,68.3
129,8,70.8
129,9,73.1
129,10,75.6
129,11,77.9
129,12,79.9
129,13,81.7
129,14,83.1
129,15,83.9
129,16,83.9
129,17,83.3
129,18,81.9
129,19,79.1
129,20,76.3
129,21,74.6
129,22,72.7
129,23,71.2
130,0,70.2
130,1,69.2
130,2,68.5
130,3,68.1
130,4,67.6
130,5,67.2
130,6,67.0
130,7,68.4
130,8,71.0
130,9,73.3
130,10,75.8
130,11,78.2
130,12,80.2
130,13,81.9
130,14,83.4
130,15,84.3
130,16,84.3
130,17,83.8
130,18,82.3
130,19,79.6
130,20,76.6
130,21,74.8
130,22,73.0
130,23,71.5
131,0,70.4
131,1,69.4
131,2,68.8
131,3,68.3
131,4,67.8
131,5,67.4
131,6,67.2
131,7,68.7
131,8,71.3
131,9,73.6
131,10,76.1
131,11,78.5
131,12,80.5
131,13,82.2
131,14,83.6
131,15,84.5
131,16,84.5
131,17,83.9
131,18,82.5
131,19,79.8
131,20,76.9
131,21,75.1
131,22,73.4
131,23,71.8
132,0,70.8
132,1,69.8
132,2,69.2
132,3,68.7
132,4,68.2
132,5,67.9
132,6,67.7
132,7,69.1
132,8,71.6
132,9,74.0
132,10,76.4
132,11,78.8
132,12,80.8
132,13,82.6
132,14,83.9
132,15,84.7
132,16,84.7
132,17,84.1
132,18,82.7
132,19,80.0
132,20,77.1
132,21,75.3
132,22,73.7
132,23,72.2
133,0,71.2
133,1,70.2
133,2,69.7
133,3,69.1
133,4,68.6
133,5,68.3
133,6,68.2
133,7,69.5
133,8,71.9
133,9,74.1
133,10,76.5
133,11,78.9
133,12,80.9
133,13,82.6
133,14,83.9
133,15,84.7
133,16,84.7
133,17,84.2
133,18,82.8
133,19,80.1
133,20,77.3
133,21,75.4
133,22,73.9
133,23,72.4
134,0,71.4
134,1,70.5
134,2,69.9
134,3,69.4
134,4,69.0
134,5,68.7
134,6,68.5
134,7,69.8
134,8,72.1
134,9,74.3
134,10,76.7
134,11,79.0
134,12,81.0
134,13,82.8
134,14,84.0
134,15,84.9
134,16,84.9
134,17,84.3
134,18,82.9
134,19,80.2
134,20,77.4
134,21,75.6
134,22,74.0
134,23,72.6
135,0,71.6
135,1,70.7
135,2,70.1
135,3,69.6
135,4,69.2
135,5,68.9
135,6,68.8
135,7,70.1
135,8,72.3
135,9,74.5
135,10,76.8
135,11,79.2
135,12,81.1
135,13,82.9
135,14,84.1
135,15,85.0
135,16,84.9
135,17,84.3
135,18,82.9
135,19,80.3
135,20,77.6
135,21,75.7
135,22,74.2
135,23,72.8
136,0,71.8
136,1,70.9
136,2,70.3
136,3,69.9
136,4,69.5
136,5,69.2
136,6,69.0
136,7,70.3
136,8,72.5
136,9,74.7
136,10,77.1
136,11,79.5
136,12,81.4
136,13,83.2
136,14,84.4
136,15,85.2
136,16,85.1
136,17,84.6
136,18,83.1
136,19,80.5
136,20,77.7
136,21,75.9
136,22,74.3
136,23,72.9
137,0,71.9
137,1,71.0
137,2,70.5
137,3,70.0
137,4,69.6
137,5,69.3
137,6,69.2
137,7,70.5
137,8,72.7
137,9,74.9
137,10,77.2
137,11,79.7
137,12,81.6
137,13,83.4
137,14,84.6
137,15,85.4
137,16,85.4
137,17,84.8
137,18,83.3
137,19,80.7
137,20,77.8
137,21,76.0
137,22,74.5
137,23,73.1
138,0,72.1
138,1,71.2
138,2,70.7
138,3,70.1
138,4,69.8
138,5,69.5
138,6,69.4
138,7,70.7
138,8,72.9
138,9,75.1
138,10,77.4
138,11,79.8
138,12,81.8
138,13,83.6
138,14,84.8
138,15,85.6
138,16,85.7
138,17,85.1
138,18,83.6
138,19,80.9
138,20,78.1
138,21,76.3
138,22,74.8
138,23,73.4
139,0,72.4
139,1,71.5
139,2,71.1
139,3,70.4
139,4,70.0
139,5,69.8
139,6,69.7
139,7,71.0
139,8,73.1
139,9,75.3
139,10,77.6
139,11,80.0
139,12,81.9
139,13,83.8
139,14,85.0
139,15,85.9
139,16,86.0
139,17,85.4
139,18,83.9
139,19,81.3
139,20,78.4
139,21,76.6
139,22,75.1
139,23,73.7
140,0,72.7
140,1,71.8
140,2,71.3
140,3,70.7
140,4,70.3
140,5,70.1
140,6,70.0
140,7,71.3
140,8,73.4
140,9,75.6
140,10,78.0
140,11,80.5
140,12,82.4
140,13,84.3
140,14,85.4
140,15,86.3
140,16,86.4
140,17,85.7
140,18,84.3
140,19,81.6
140,20,78.7
140,21,76.9
140,22,75.4
140,23,74.0
141,0,73.0
141,1,72.2
141,2,71.7
141,3,71.1
141,4,70.7
141,5,70.5
141,6,70.4
141,7,71.6
141,8,73.7
141,9,76.0
141,10,78.3
141,11,80.8
141,12,82.7
141,13,84.6
141,14,85.8
141,15,86.6
141,16,86.6
141,17,85.9
141,18,84.5
141,19,81.8
141,20,78.9
141,21,77.1
141,22,75.6
141,23,74.3
142,0,73.2
142,1,72.3
142,2,71.9
142,3,71.3
142,4,71.0
142,5,70.8
142,6,70.7
142,7,71.9
142,8,74.0
142,9,76.3
142,10,78.6
142,11,81.1
142,12,83.1
142,13,85.0
142,14,86.2
142,15,87.0
142,16,87.0
142,17,86.3
142,18,84.8
142,19,82.2
142,20,79.3
142,21,77.5
142,22,76.1
142,23,74.7
143,0,73.7
143,1,72.8
143,2,72.3
143,3,71.8
143,4,71.4
143,5,71.2
143,6,71.0
143,7,72.3
143,8,74.4
143,9,76.7
143,10,79.0
143,11,81.6
143,12,83.6
143,13,85.5
143,14,86.7
143,15,87.4
143,16,87.3
143,17,86.6
143,18,85.2
143,19,82.5
143,20,79.7
143,21,77.8
143,22,76.4
143,23,75.1
144,0,74.1
144,1,73.2
144,2,72.7
144,3,72.2
144,4,71.8
144,5,71.6
144,6,71.5
144,7,72.7
144,8,74.8
144,9,77.1
144,10,79.4
144,11,81.9
144,12,83.9
144,13,85.8
144,14,86.8
144,15,87.5
144,16,87.5
144,17,86.9
144,18,85.4
144,19,82.7
144,20,79.9
144,21,78.1
144,22,76.7
144,23,75.3
145,0,74.3
145,1,73.4
145,2,73.0
145,3,72.5
145,4,72.1
145,5,71.9
145,6,71.8
145,7,73.1
145,8,75.1
145,9,77.4
145,10,79.7
145,11,82.1
145,12,84.1
145,13,86.0
145,14,87.0
145,15,87.8
145,16,87.7
145,17,87.1
145,18,85.7
145,19,83.0
145,20,80.2
145,21,78.4
145,22,77.0
145,23,75.6
146,0,74.6
146,1,73.8
146,2,73.3
146,3,72.9
146,4,72.5
146,5,72.3
146,6,72.1
146,7,73.4
146,8,75.4
146,9,77.7
146,10,79.9
146,11,82.3
146,12,84.3
146,13,86.2
146,14,87.2
146,15,87.9
146,16,87.9
146,17,87.3
146,18,85.9
146,19,83.2
146,20,80.3
146,21,78.6
146,22,77.2
146,23,75.9
147,0,74.8
147,1,74.0
147,2,73.5
147,3,73.0
147,4,72.6
147,5,72.4
147,6,72.3
147,7,73.6
147,8,75.6
147,9,77.8
147,10,80.1
147,11,82.5
147,12,84.5
147,13,86.3
147,14,87.3
147,15,88.0
147,16,88.0
147,17,87.5
147,18,86.1
147,19,83.4
147,20,80.5
147,21,78.7
147,22,77.3
147,23,76.0
148,0,74.9
148,1,74.0
148,2,73.6
148,3,73.1
148,4,72.7
148,5,72.5
148,6,72.4
148,7,73.7
148,8,75.7
148,9,78.0
148,10,80.3
148,11,82.8
148,12,84.8
148,13,86.5
148,14,87.6
148,15,88.2
148,16,88.2
148,17,87.6
148,18,86.3
148,19,83.6
148,20,80.7
148,21,78.9
148,22,77.5
148,23,76.2
149,0,75.0
149,1,74.2
149,2,73.7
149,3,73.2
149,4,72.8
149,5,72.6
149,6,72.5
149,7,73.8
149,8,75.9
149,9,78.3
149,10,80.6
149,11,83.0
149,12,85.1
149,13,86.8
149,14,87.9
149,15,88.5
149,16,88.5
149,17,88.0
149,18,86.6
149,19,84.0
149,20,81.1
149,21,79.2
149,22,77.8
149,23,76.5
150,0,75.3
150,1,74.4
150,2,73.8
150,3,73.3
150,4,72.9
150,5,72.7
150,6,72.6
150,7,74.0
150,8,76.1
150,9,78.6
150,10,80.9
150,11,83.4
150,12,85.4
150,13,87.1
150,14,88.2
150,15,88.8
150,16,88.8
150,17,88.3
150,18,86.9
150,19,84.3
150,20,81.4
150,21,79.5
150,22,78.0
150,23,76.6
151,0,75.4
151,1,74.5
151,2,73.9
151,3,73.3
151,4,72.9
151,5,72.7
151,6,72.6
151,7,74.1
151,8,76.4
151,9,78.8
151,10,81.2
151,11,83.5
151,12,85.6
151,13,87.3
151,14,88.5
151,15,89.1
151,16,89.1
151,17,88.5
151,18,87.3
151,19,84.7
151,20,81.7
151,21,79.8
151,22,78.3
151,23,76.9
152,0,75.6
152,1,74.7
152,2,74.0
152,3,73.5
152,4,73.1
152,5,72.8
152,6,72.7
152,7,74.2
152,8,76.6
152,9,79.0
152,10,81.4
152,11,83.8
152,12,85.8
152,13,87.5
152,14,88.7
152,15,89.4
152,16,89.4
152,17,88.8
152,18,87.6
152,19,84.9
152,20,82.0
152,21,80.2
152,22,78.6
152,23,77.2
153,0,75.9
153,1,75.0
153,2,74.3
153,3,73.7
153,4,73.3
153,5,73.0
153,6,72.8
153,7,74.4
153,8,76.8
153,9,79.3
153,10,81.8
153,11,84.1
153,12,86.1
153,13,87.8
153,14,89.0
153,15,89.6
153,16,89.7
153,17,89.0
153,18,87.8
153,19,85.2
153,20,82.3
153,21,80.4
153,22,78.9
153,23,77.5
154,0,76.1
154,1,75.2
154,2,74.4
154,3,73.8
154,4,73.4
154,5,73.1
154,6,73.0
154,7,74.6
154,8,77.0
154,9,79.5
154,10,82.0
154,11,84.4
154,12,86.4
154,13,88.1
154,14,89.4
154,15,90.0
154,16,90.0
154,17,89.4
154,18,88.2
154,19,85.5
154,20,82.5
154,21,80.6
154,22,79.1
154,23,77.6
155,0,76.2
155,1,75.3
155,2,74.5
155,3,73.9
155,4,73.5
155,5,73.2
155,6,73.1
155,7,74.7
155,8,77.2
155,9,79.7
155,10,82.2
155,11,84.5
155,12,86.5
155,13,88.2
155,14,89.5
155,15,90.1
155,16,90.1
155,17,89.6
155,18,88.4
155,19,85.8
155,20,82.8
155,21,80.8
155,22,79.3
155,23,77.8
156,0,76.4
156,1,75.5
156,2,74.8
156,3,74.2
156,4,73.7
156,5,73.4
156,6,73.3
156,7,74.9
156,8,77.3
156,9,79.8
156,10,82.3
156,11,84.7
156,12,86.7
156,13,88.4
156,14,89.7
156,15,90.3
156,16,90.3
156,17,89.8
156,18,88.7
156,19,86.1
156,20,83.1
156,21,81.1
156,22,79.5
156,23,78.0
157,0,76.6
157,1,75.7
157,2,74.9
157,3,74.4
157,4,74.0
157,5,73.7
157,6,73.5
157,7,75.2
157,8,77.5
157,9,80.0
157,10,82.5
157,11,84.9
157,12,86.9
157,13,88.6
157,14,89.9
157,15,90.5
157,16,90.6
157,17,90.2
157,18,88.9
157,19,86.4
157,20,83.3
157,21,81.3
157,22,79.7
157,23,78.1
158,0,76.8
158,1,75.9
158,2,75.1
158,3,74.5
158,4,74.2
158,5,73.9
158,6,73.7
158,7,75.4
158,8,77.7
158,9,80.2
158,10,82.7
158,11,85.0
158,12,87.0
158,13,88.7
158,14,90.0
158,15,90.7
158,16,90.9
158,17,90.5
158,18,89.3
158,19,86.7
158,20,83.6
158,21,81.6
158,22,79.9
158,23,78.3
159,0,77.0
159,1,76.0
159,2,75.3
159,3,74.7
159,4,74.4
159,5,74.1
159,6,73.9
159,7,75.5
159,8,77.9
159,9,80.4
159,10,82.9
159,11,85.3
159,12,87.2
159,13,89.0
159,14,90.5
159,15,91.2
159,16,91.3
159,17,90.8
159,18,89.6
159,19,87.1
159,20,84.0
159,21,81.9
159,22,80.2
159,23,78.6
160,0,77.3
160,1,76.3
160,2,75.6
160,3,75.0
160,4,74.7
160,5,74.4
160,6,74.2
160,7,75.8
160,8,78.1
160,9,80.6
160,10,83.1
160,11,85.5
160,12,87.5
160,13,89.3
160,14,90.7
160,15,91.5
160,16,91.6
160,17,91.1
160,18,89.9
160,19,87.4
160,20,84.3
160,21,82.1
160,22,80.4
160,23,78.8
161,0,77.4
161,1,76.4
161,2,75.7
161,3,75.2
161,4,74.8
161,5,74.6
161,6,74.4
161,7,76.0
161,8,78.2
161,9,80.7
161,10,83.2
161,11,85.6
161,12,87.7
161,13,89.5
161,14,91.0
161,15,91.8
161,16,91.8
161,17,91.3
161,18,90.1
161,19,87.6
161,20,84.6
161,21,82.4
161,22,80.6
161,23,79.0
162,0,77.6
162,1,76.7
162,2,76.0
162,3,75.4
162,4,75.1
162,5,74.8
162,6,74.7
162,7,76.2
162,8,78.4
162,9,80.8
162,10,83.3
162,11,85.7
162,12,87.8
162,13,89.7
162,14,91.2
162,15,92.1
162,16,92.1
162,17,91.6
162,18,90.3
162,19,87.8
162,20,84.8
162,21,82.7
162,22,80.9
162,23,79.3
163,0,77.9
163,1,77.0
163,2,76.4
163,3,75.8
163,4,75.4
163,5,75.1
163,6,75.0
163,7,76.5
163,8,78.6
163,9,81.0
163,10,83.5
163,11,85.9
163,12,87.9
163,13,89.8
163,14,91.3
163,15,92.3
163,16,92.3
163,17,91.8
163,18,90.4
163,19,88.0
163,20,85.0
163,21,82.8
163,22,81.0
163,23,79.4
164,0,78.1
164,1,77.2
164,2,76.6
164,3,76.0
164,4,75.7
164,5,75.4
164,6,75.3
164,7,76.7
164,8,78.8
164,9,81.1
164,10,83.6
164,11,85.9
164,12,87.9
164,13,89.8
164,14,91.2
164,15,92.2
164,16,92.2
164,17,91.7
164,18,90.4
164,19,88.0
164,20,85.0
164,21,82.9
164,22,81.0
164,23,79.4
165,0,78.2
165,1,77.4
165,2,76.7
165,3,76.2
165,4,75.9
165,5,75.7
165,6,75.6
165,7,76.9
165,8,78.9
165,9,81.2
165,10,83.6
165,11,86.0
165,12,88.0
165,13,89.8
165,14,91.2
165,15,92.1
165,16,92.2
165,17,91.7
165,18,90.3
165,19,88.0
165,20,85.0
165,21,82.9
165,22,81.1
165,23,79.5
166,0,78.3
166,1,77.5
166,2,76.8
166,3,76.3
166,4,76.0
166,5,75.8
166,6,75.6
166,7,76.9
166,8,78.9
166,9,81.1
166,10,83.6
166,11,86.0
166,12,88.0
166,13,89.8
166,14,91.2
166,15,92.1
166,16,92.2
166,17,91.7
166,18,90.3
166,19,88.0
166,20,85.1
166,21,83.0
166,22,81.2
166,23,79.7
167,0,78.4
167,1,77.6
167,2,76.9
167,3,76.4
167,4,76.1
167,5,75.9
167,6,75.8
167,7,77.0
167,8,78.9
167,9,81.1
167,10,83.6
167,11,86.0
167,12,88.1
167,13,89.9
167,14,91.3
167,15,92.2
167,16,92.3
167,17,91.8
167,18,90.5
167,19,88.2
167,20,85.2
167,21,83.1
167,22,81.3
167,23,79.8
168,0,78.5
168,1,77.7
168,2,77.0
168,3,76.5
168,4,76.2
168,5,76.0
168,6,75.9
168,7,77.1
168,8,79.0
168,9,81.2
168,10,83.7
168,11,86.1
168,12,88.1
168,13,89.9
168,14,91.3
168,15,92.1
168,16,92.2
168,17,91.7
168,18,90.4
168,19,88.1
168,20,85.2
168,21,83.0
168,22,81.3
168,23,79.8
169,0,78.5
169,1,77.8
169,2,77.1
169,3,76.6
169,4,76.3
169,5,76.1
169,6,76.0
169,7,77.2
169,8,79.1
169,9,81.3
169,10,83.9
169,11,86.3
169,12,88.2
169,13,89.9
169,14,91.3
169,15,92.1
169,16,92.1
169,17,91.6
169,18,90.3
169,19,88.0
169,20,85.2
169,21,83.0
169,22,81.3
169,23,79.8
170,0,78.6
170,1,77.9
170,2,77.2
170,3,76.7
170,4,76.4
170,5,76.2
170,6,76.1
170,7,77.3
170,8,79.2
170,9,81.4
170,10,84.0
170,11,86.4
170,12,88.2
170,13,89.9
170,14,91.3
170,15,92.1
170,16,92.2
170,17,91.6
170,18,90.3
170,19,88.1
170,20,85.3
170,21,83.1
170,22,81.3
170,23,79.9
171,0,78.7
171,1,78.0
171,2,77.3
171,3,76.8
171,4,76.5
171,5,76.3
171,6,76.2
171,7,77.4
171,8,79.3
171,9,81.5
171,10,84.0
171,11,86.4
171,12,88.3
171,13,90.0
171,14,91.2
171,15,92.1
171,16,92.1
171,17,91.6
171,18,90.3
171,19,88.1
171,20,85.4
171,21,83.1
171,22,81.4
171,23,80.0
172,0,78.8
172,1,78.1
172,2,77.4
172,3,76.9
172,4,76.6
172,5,76.4
172,6,76.3
172,7,77.5
172,8,79.4
172,9,81.5
172,10,84.0
172,11,86.4
172,12,88.3
172,13,89.9
172,14,91.2
172,15,92.1
172,16,92.1
172,17,91.6
172,18,90.3
172,19,88.0
172,20,85.3
172,21,83.1
172,22,81.4
172,23,80.0
173,0,78.8
173,1,78.1
173,2,77.4
173,3,76.9
173,4,76.6
173,5,76.4
173,6,76.3
173,7,77.5
173,8,79.4
173,9,81.6
173,10,84.1
173,11,86.5
173,12,88.5
173,13,90.2
173,14,91.4
173,15,92.2
173,16,92.2
173,17,91.6
173,18,90.3
173,19,88.1
173,20,85.4
173,21,83.1
173,22,81.6
173,23,80.2
174,0,79.0
174,1,78.2
174,2,77.5
174,3,77.0
174,4,76.7
174,5,76.4
174,6,76.3
174,7,77.6
174,8,79.4
174,9,81.6
174,10,84.0
174,11,86.4
174,12,88.4
174,13,90.1
174,14,91.3
174,15,91.9
174,16,92.1
174,17,91.4
174,18,90.1
174,19,87.8
174,20,85.2
174,21,83.0
174,22,81.5
174,23,80.1
175,0,79.0
175,1,78.2
175,2,77.5
175,3,77.0
175,4,76.7
175,5,76.4
175,6,76.3
175,7,77.6
175,8,79.5
175,9,81.6
175,10,84.0
175,11,86.4
175,12,88.3
175,13,89.9
175,14,91.0
175,15,91.5
175,16,91.7
175,17,91.1
175,18,89.7
175,19,87.5
175,20,85.0
175,21,82.8
175,22,81.4
175,23,80.0
176,0,78.9
176,1,78.2
176,2,77.4
176,3,77.0
176,4,76.7
176,5,76.4
176,6,76.3
176,7,77.6
176,8,79.5
176,9,81.7
176,10,84.1
176,11,86.5
176,12,88.4
176,13,89.9
176,14,91.0
176,15,91.4
176,16,91.5
176,17,90.9
176,18,89.6
176,19,87.4
176,20,84.9
176,21,82.7
176,22,81.3
176,23,80.0
177,0,78.9
177,1,78.1
177,2,77.4
177,3,77.0
177,4,76.7
177,5,76.4
177,6,76.3
177,7,77.6
177,8,79.6
177,9,81.8
177,10,84.2
177,11,86.6
177,12,88.4
177,13,89.9
177,14,90.9
177,15,91.3
177,16,91.4
177,17,90.8
177,18,89.6
177,19,87.4
177,20,84.9
177,21,82.6
177,22,81.2
177,23,79.9
178,0,78.8
178,1,78.1
178,2,77.3
178,3,76.9
178,4,76.6
178,5,76.4
178,6,76.2
178,7,77.5
178,8,79.5
178,9,81.8
178,10,84.2
178,11,86.6
178,12,88.5
178,13,89.9
178,14,91.0
178,15,91.4
178,16,91.4
178,17,90.8
178,18,89.6
178,19,87.3
178,20,84.8
178,21,82.6
178,22,81.1
178,23,79.9
179,0,78.8
179,1,78.0
179,2,77.2
179,3,76.8
179,4,76.5
179,5,76.2
179,6,76.0
179,7,77.4
179,8,79.4
179,9,81.8
179,10,84.2
179,11,86.7
179,12,88.6
179,13,90.1
179,14,91.3
179,15,91.6
179,16,91.6
179,17,91.0
179,18,89.8
179,19,87.5
179,20,84.9
179,21,82.7
179,22,81.2
179,23,79.9
180,0,78.8
180,1,78.0
180,2,77.2
180,3,76.8
180,4,76.5
180,5,76.2
180,6,76.0
180,7,77.4
180,8,79.4
180,9,81.7
180,10,84.2
180,11,86.6
180,12,88.6
180,13,90.2
180,14,91.3
180,15,91.7
180,16,91.7
180,17,91.1
180,18,89.8
180,19,87.5
180,20,84.9
180,21,82.7
180,22,81.3
180,23,80.0
181,0,78.9
181,1,78.0
181,2,77.4
181,3,76.9
181,4,76.6
181,5,76.3
181,6,76.1
181,7,77.4
181,8,79.5
181,9,81.8
181,10,84.2
181,11,86.7
181,12,88.7
181,13,90.3
181,14,91.3
181,15,91.7
181,16,91.7
181,17,91.0
181,18,89.7
181,19,87.4
181,20,84.8
181,21,82.7
181,22,81.2
181,23,79.9
182,0,78.8
182,1,78.1
182,2,77.4
182,3,76.9
182,4,76.7
182,5,76.4
182,6,76.1
182,7,77.4
182,8,79.5
182,9,81.9
182,10,84.3
182,11,86.7
182,12,88.7
182,13,90.2
182,14,91.2
182,15,91.7
182,16,91.6
182,17,90.9
182,18,89.6
182,19,87.3
182,20,84.8
182,21,82.6
182,22,81.2
182,23,79.9
183,0,78.9
183,1,78.1
183,2,77.4
183,3,77.0
183,4,76.7
183,5,76.4
183,6,76.2
183,7,77.4
183,8,79.5
183,9,81.8
183,10,84.2
183,11,86.6
183,12,88.7
183,13,90.3
183,14,91.3
183,15,91.9
183,16,91.9
183,17,91.2
183,18,89.8
183,19,87.5
183,20,84.9
183,21,82.8
183,22,81.3
183,23,80.0
184,0,78.9
184,1,78.1
184,2,77.4
184,3,77.0
184,4,76.7
184,5,76.4
184,6,76.2
184,7,77.4
184,8,79.5
184,9,81.8
184,10,84.2
184,11,86.6
184,12,88.7
184,13,90.5
184,14,91.4
184,15,92.0
184,16,91.9
184,17,91.4
184,18,90.0
184,19,87.7
184,20,85.1
184,21,82.9
184,22,81.4
184,23,80.1
185,0,78.9
185,1,78.1
185,2,77.5
185,3,77.1
185,4,76.7
185,5,76.4
185,6,76.2
185,7,77.4
185,8,79.4
185,9,81.7
185,10,84.1
185,11,86.6
185,12,88.8
185,13,90.5
185,14,91.5
185,15,92.0
185,16,92.1
185,17,91.6
185,18,90.0
185,19,87.8
185,20,85.1
185,21,83.0
185,22,81.5
185,23,80.1
186,0,78.9
186,1,78.1
186,2,77.5
186,3,77.1
186,4,76.7
186,5,76.4
186,6,76.2
186,7,77.4
186,8,79.4
186,9,81.7
186,10,84.1
186,11,86.7
186,12,88.8
186,13,90.6
186,14,91.7
186,15,92.1
186,16,92.2
186,17,91.8
186,18,90.2
186,19,87.9
186,20,85.2
186,21,83.2
186,22,81.7
186,23,80.2
187,0,79.1
187,1,78.2
187,2,77.5
187,3,77.1
187,4,76.8
187,5,76.5
187,6,76.3
187,7,77.4
187,8,79.4
187,9,81.8
187,10,84.2
187,11,86.8
187,12,89.1
187,13,90.8
187,14,91.9
187,15,92.3
187,16,92.4
187,17,92.0
187,18,90.5
187,19,88.3
187,20,85.6
187,21,83.5
187,22,81.9
187,23,80.4
188,0,79.2
188,1,78.3
188,2,77.6
188,3,77.2
188,4,76.9
188,5,76.5
188,6,76.3
188,7,77.4
188,8,79.5
188,9,81.8
188,10,84.3
188,11,86.9
188,12,89.1
188,13,90.8
188,14,92.0
188,15,92.5
188,16,92.5
188,17,92.2
188,18,90.7
188,19,88.4
188,20,85.7
188,21,83.5
188,22,81.9
188,23,80.4
189,0,79.1
189,1,78.3
189,2,77.6
189,3,77.2
189,4,76.8
189,5,76.5
189,6,76.3
189,7,77.4
189,8,79.5
189,9,81.9
189,10,84.4
189,11,87.1
189,12,89.3
189,13,91.1
189,14,92.1
189,15,92.7
189,16,92.7
189,17,92.4
189,18,90.8
189,19,88.6
189,20,85.9
189,21,83.7
189,22,82.0
189,23,80.5
190,0,79.2
190,1,78.3
190,2,77.6
190,3,77.2
190,4,76.9
190,5,76.6
190,6,76.4
190,7,77.5
190,8,79.6
190,9,82.0
190,10,84.5
190,11,87.2
190,12,89.4
190,13,91.3
190,14,92.4
190,15,93.1
190,16,93.1
190,17,92.7
190,18,91.3
190,19,89.0
190,20,86.2
190,21,84.0
190,22,82.3
190,23,80.7
191,0,79.4
191,1,78.5
191,2,77.8
191,3,77.3
191,4,77.0
191,5,76.7
191,6,76.5
191,7,77.6
191,8,79.7
191,9,82.1
191,10,84.7
191,11,87.3
191,12,89.5
191,13,91.4
191,14,92.5
191,15,93.2
191,16,93.2
191,17,92.8
191,18,91.4
191,19,89.1
191,20,86.3
191,21,84.1
191,22,82.4
191,23,80.8
192,0,79.5
192,1,78.5
192,2,77.8
192,3,77.3
192,4,77.0
192,5,76.7
192,6,76.5
192,7,77.6
192,8,79.7
192,9,82.1
192,10,84.7
192,11,87.3
192,12,89.6
192,13,91.5
192,14,92.4
192,15,93.2
192,16,93.2
192,17,92.8
192,18,91.3
192,19,89.1
192,20,86.3
192,21,84.1
192,22,82.4
192,23,80.8
193,0,79.5
193,1,78.5
193,2,77.8
193,3,77.3
193,4,77.0
193,5,76.7
193,6,76.5
193,7,77.7
193,8,79.7
193,9,82.2
193,10,84.8
193,11,87.3
193,12,89.6
193,13,91.5
193,14,92.5
193,15,93.2
193,16,93.3
193,17,92.8
193,18,91.4
193,19,89.2
193,20,86.4
193,21,84.3
193,22,82.6
193,23,81.0
194,0,79.6
194,1,78.6
194,2,77.9
194,3,77.4
194,4,77.1
194,5,76.8
194,6,76.6
194,7,77.7
194,8,79.8
194,9,82.2
194,10,84.8
194,11,87.4
194,12,89.6
194,13,91.6
194,14,92.5
194,15,93.2
194,16,93.3
194,17,92.9
194,18,91.4
194,19,89.2
194,20,86.5
194,21,84.4
194,22,82.7
194,23,81.1
195,0,79.7
195,1,78.7
195,2,78.0
195,3,77.5
195,4,77.2
195,5,76.9
195,6,76.7
195,7,77.8
195,8,79.9
195,9,82.3
195,10,84.9
195,11,87.5
195,12,89.7
195,13,91.7
195,14,92.7
195,15,93.3
195,16,93.5
195,17,93.1
195,18,91.7
195,19,89.5
195,20,86.7
195,21,84.6
195,22,82.9
195,23,81.2
196,0,79.8
196,1,78.8
196,2,78.0
196,3,77.6
196,4,77.3
196,5,77.0
196,6,76.8
196,7,77.9
196,8,80.0
196,9,82.4
196,10,85.0
196,11,87.6
196,12,89.9
196,13,91.8
196,14,92.9
196,15,93.6
196,16,93.8
196,17,93.4
196,18,92.1
196,19,89.7
196,20,86.9
196,21,84.7
196,22,83.0
196,23,81.3
197,0,79.9
197,1,78.8
197,2,78.1
197,3,77.7
197,4,77.3
197,5,77.0
197,6,76.8
197,7,77.9
197,8,80.0
197,9,82.5
197,10,85.2
197,11,87.8
197,12,90.1
197,13,92.1
197,14,93.3
197,15,93.8
197,16,94.0
197,17,93.6
197,18,92.3
197,19,89.9
197,20,87.1
197,21,84.9
197,22,83.1
197,23,81.4
198,0,80.0
198,1,78.9
198,2,78.2
198,3,77.7
198,4,77.4
198,5,77.1
198,6,76.9
198,7,78.0
198,8,80.1
198,9,82.6
198,10,85.2
198,11,87.9
198,12,90.2
198,13,92.2
198,14,93.3
198,15,93.9
198,16,94.1
198,17,93.6
198,18,92.3
198,19,89.9
198,20,87.1
198,21,84.9
198,22,83.2
198,23,81.4
199,0,80.0
199,1,78.9
199,2,78.1
199,3,77.7
199,4,77.4
199,5,77.0
199,6,76.8
199,7,77.9
199,8,80.1
199,9,82.6
199,10,85.2
199,11,87.8
199,12,90.1
199,13,92.1
199,14,93.2
199,15,93.9
199,16,94.1
199,17,93.5
199,18,92.3
199,19,90.0
199,20,87.1
199,21,84.9
199,22,83.1
199,23,81.4
200,0,80.0
200,1,78.9
200,2,78.1
200,3,77.6
200,4,77.3
200,5,76.9
200,6,76.7
200,7,77.9
200,8,80.1
200,9,82.6
200,10,85.2
200,11,87.8
200,12,90.1
200,13,92.1
200,14,93.2
200,15,93.9
200,16,94.0
200,17,93.5
200,18,92.3
200,19,89.8
200,20,87.0
200,21,84.8
200,22,83.1
200,23,81.4
201,0,80.0
201,1,78.9
201,2,78.1
201,3,77.6
201,4,77.3
201,5,76.9
201,6,76.6
201,7,77.8
201,8,80.0
201,9,82.5
201,10,85.1
201,11,87.8
201,12,90.1
201,13,92.1
201,14,93.1
201,15,93.8
201,16,93.9
201,17,93.4
201,18,92.2
201,19,89.7
201,20,86.9
201,21,84.7
201,22,83.0
201,23,81.3
202,0,80.0
202,1,78.9
202,2,78.1
202,3,77.6
202,4,77.3
202,5,76.9
202,6,76.7
202,7,77.8
202,8,80.0
202,9,82.5
202,10,85.1
202,11,87.7
202,12,90.1
202,13,92.1
202,14,93.1
202,15,93.8
202,16,93.9
202,17,93.3
202,18,92.1
202,19,89.6
202,20,86.8
202,21,84.6
202,22,82.9
202,23,81.3
203,0,79.9
203,1,78.8
203,2,78.0
203,3,77.6
203,4,77.3
203,5,77.0
203,6,76.7
203,7,77.9
203,8,80.0
203,9,82.5
203,10,85.0
203,11,87.7
203,12,90.1
203,13,92.1
203,14,93.1
203,15,93.7
203,16,93.9
203,17,93.3
203,18,92.1
203,19,89.6
203,20,86.8
203,21,84.7
203,22,83.0
203,23,81.3
204,0,80.0
204,1,78.9
204,2,78.1
204,3,77.7
204,4,77.4
204,5,77.0
204,6,76.8
204,7,77.9
204,8,80.0
204,9,82.5
204,10,85.0
204,11,87.7
204,12,90.1
204,13,92.1
204,14,93.2
204,15,93.9
204,16,94.1
204,17,93.5
204,18,92.2
204,19,89.8
204,20,87.0
204,21,84.9
204,22,83.2
204,23,81.5
205,0,80.1
205,1,79.0
205,2,78.3
205,3,77.8
205,4,77.5
205,5,77.1
205,6,76.9
205,7,78.0
205,8,80.1
205,9,82.5
205,10,85.1
205,11,87.8
205,12,90.2
205,13,92.2
205,14,93.4
205,15,94.0
205,16,94.2
205,17,93.6
205,18,92.3
205,19,89.8
205,20,87.0
205,21,84.9
205,22,83.3
205,23,81.5
206,0,80.2
206,1,79.0
206,2,78.3
206,3,77.9
206,4,77.5
206,5,77.1
206,6,76.9
206,7,77.9
206,8,80.1
206,9,82.6
206,10,85.2
206,11,87.9
206,12,90.3
206,13,92.4
206,14,93.7
206,15,94.3
206,16,94.5
206,17,93.9
206,18,92.6
206,19,90.1
206,20,87.2
206,21,85.1
206,22,83.5
206,23,81.7
207,0,80.3
207,1,79.2
207,2,78.4
207,3,77.9
207,4,77.5
207,5,77.1
207,6,76.9
207,7,78.0
207,8,80.2
207,9,82.7
207,10,85.3
207,11,87.9
207,12,90.4
207,13,92.6
207,14,93.9
207,15,94.5
207,16,94.7
207,17,94.2
207,18,92.8
207,19,90.3
207,20,87.4
207,21,85.3
207,22,83.6
207,23,81.8
208,0,80.4
208,1,79.3
208,2,78.5
208,3,78.0
208,4,77.5
208,5,77.1
208,6,76.9
208,7,78.0
208,8,80.2
208,9,82.8
208,10,85.4
208,11,88.1
208,12,90.6
208,13,92.7
208,14,94.0
208,15,94.7
208,16,94.9
208,17,94.4
208,18,93.0
208,19,90.4
208,20,87.6
208,21,85.4
208,22,83.7
208,23,81.9
209,0,80.5
209,1,79.3
209,2,78.6
209,3,78.0
209,4,77.6
209,5,77.2
209,6,77.0
209,7,78.0
209,8,80.3
209,9,82.8
209,10,85.5
209,11,88.2
209,12,90.7
209,13,92.9
209,14,94.2
209,15,94.9
209,16,95.1
209,17,94.6
209,18,93.2
209,19,90.6
209,20,87.7
209,21,85.6
209,22,83.8
209,23,82.0
210,0,80.5
210,1,79.4
210,2,78.6
210,3,78.0
210,4,77.6
210,5,77.2
210,6,77.0
210,7,78.0
210,8,80.3
210,9,82.9
210,10,85.6
210,11,88.3
210,12,90.9
210,13,93.0
210,14,94.3
210,15,94.9
210,16,95.1
210,17,94.6
210,18,93.2
210,19,90.6
210,20,87.7
210,21,85.5
210,22,83.8
210,23,82.0
211,0,80.5
211,1,79.4
211,2,78.6
211,3,78.0
211,4,77.5
211,5,77.2
211,6,77.0
211,7,78.0
211,8,80.3
211,9,82.9
211,10,85.6
211,11,88.4
211,12,90.9
211,13,93.1
211,14,94.4
211,15,95.0
211,16,95.2
211,17,94.6
211,18,93.3
211,19,90.8
211,20,87.8
211,21,85.7
211,22,83.9
211,23,82.1
212,0,80.6
212,1,79.4
212,2,78.6
212,3,78.1
212,4,77.6
212,5,77.3
212,6,77.0
212,7,78.0
212,8,80.3
212,9,82.9
212,10,85.5
212,11,88.3
212,12,90.8
212,13,93.0
212,14,94.3
212,15,95.1
212,16,95.3
212,17,94.8
212,18,93.5
212,19,91.0
212,20,87.9
212,21,85.8
212,22,84.0
212,23,82.1
213,0,80.6
213,1,79.5
213,2,78.7
213,3,78.1
213,4,77.6
213,5,77.3
213,6,77.0
213,7,78.1
213,8,80.3
213,9,82.9
213,10,85.6
213,11,88.5
213,12,91.0
213,13,93.2
213,14,94.5
213,15,95.3
213,16,95.5
213,17,95.0
213,18,93.7
213,19,91.2
213,20,88.1
213,21,86.0
213,22,84.1
213,23,82.2
214,0,80.7
214,1,79.6
214,2,78.8
214,3,78.2
214,4,77.7
214,5,77.4
214,6,77.2
214,7,78.2
214,8,80.4
214,9,83.1
214,10,85.8
214,11,88.6
214,12,91.2
214,13,93.4
214,14,94.9
214,15,95.5
214,16,95.8
214,17,95.4
214,18,94.0
214,19,91.4
214,20,88.3
214,21,86.2
214,22,84.3
214,23,82.4
215,0,80.9
215,1,79.7
215,2,78.9
215,3,78.4
215,4,77.9
215,5,77.6
215,6,77.4
215,7,78.3
215,8,80.6
215,9,83.2
215,10,86.0
215,11,88.8
215,12,91.4
215,13,93.6
215,14,95.1
215,15,95.8
215,16,96.1
215,17,95.6
215,18,94.2
215,19,91.7
215,20,88.6
215,21,86.5
215,22,84.5
215,23,82.6
216,0,81.0
216,1,79.9
216,2,79.1
216,3,78.5
216,4,78.1
216,5,77.8
216,6,77.5
216,7,78.5
216,8,80.7
216,9,83.4
216,10,86.1
216,11,89.0
216,12,91.5
216,13,93.7
216,14,95.4
216,15,96.1
216,16,96.4
216,17,95.8
216,18,94.3
216,19,91.8
216,20,88.7
216,21,86.6
216,22,84.6
216,23,82.8
217,0,81.2
217,1,80.1
217,2,79.2
217,3,78.7
217,4,78.2
217,5,77.9
217,6,77.6
217,7,78.5
217,8,80.8
217,9,83.5
217,10,86.2
217,11,89.0
217,12,91.5
217,13,93.8
217,14,95.4
217,15,96.0
217,16,96.4
217,17,95.9
217,18,94.4
217,19,91.8
217,20,88.7
217,21,86.6
217,22,84.6
217,23,82.8
218,0,81.2
218,1,80.1
218,2,79.3
218,3,78.7
218,4,78.2
218,5,77.9
218,6,77.6
218,7,78.5
218,8,80.9
218,9,83.6
218,10,86.4
218,11,89.1
218,12,91.6
218,13,93.8
218,14,95.5
218,15,96.2
218,16,96.5
218,17,96.0
218,18,94.6
218,19,92.0
218,20,88.8
218,21,86.7
218,22,84.7
218,23,82.8
219,0,81.3
219,1,80.1
219,2,79.3
219,3,78.7
219,4,78.2
219,5,77.9
219,6,77.6
219,7,78.5
219,8,80.9
219,9,83.6
219,10,86.5
219,11,89.2
219,12,91.7
219,13,93.9
219,14,95.6
219,15,96.3
219,16,96.6
219,17,96.1
219,18,94.7
219,19,92.0
219,20,88.9
219,21,86.7
219,22,84.7
219,23,82.8
220,0,81.3
220,1,80.1
220,2,79.3
220,3,78.7
220,4,78.2
220,5,77.8
220,6,77.6
220,7,78.5
220,8,80.9
220,9,83.6
220,10,86.5
220,11,89.2
220,12,91.7
220,13,93.9
220,14,95.6
220,15,96.4
220,16,96.6
220,17,96.1
220,18,94.7
220,19,92.1
220,20,89.0
220,21,86.7
220,22,84.7
220,23,82.9
221,0,81.3
221,1,80.2
221,2,79.3
221,3,78.7
221,4,78.2
221,5,77.9
221,6,77.6
221,7,78.5
221,8,80.9
221,9,83.6
221,10,86.4
221,11,89.2
221,12,91.6
221,13,93.8
221,14,95.5
221,15,96.3
221,16,96.6
221,17,96.0
221,18,94.6
221,19,92.0
221,20,88.9
221,21,86.6
221,22,84.6
221,23,82.8
222,0,81.3
222,1,80.1
222,2,79.3
222,3,78.8
222,4,78.3
222,5,77.9
222,6,77.7
222,7,78.6
222,8,80.9
222,9,83.6
222,10,86.4
222,11,89.2
222,12,91.6
222,13,93.8
222,14,95.5
222,15,96.3
222,16,96.6
222,17,96.0
222,18,94.6
222,19,92.0
222,20,88.9
222,21,86.7
222,22,84.6
222,23,82.8
223,0,81.3
223,1,80.2
223,2,79.4
223,3,78.9
223,4,78.4
223,5,78.0
223,6,77.8
223,7,78.6
223,8,80.9
223,9,83.6
223,10,86.4
223,11,89.2
223,12,91.6
223,13,93.8
223,14,95.5
223,15,96.2
223,16,96.6
223,17,96.0
223,18,94.6
223,19,91.9
223,20,88.8
223,21,86.6
223,22,84.5
223,23,82.7
224,0,81.3
224,1,80.2
224,2,79.4
224,3,78.8
224,4,78.3
224,5,78.0
224,6,77.8
224,7,78.6
224,8,80.8
224,9,83.6
224,10,86.4
224,11,89.1
224,12,91.5
224,13,93.6
224,14,95.4
224,15,96.2
224,16,96.5
224,17,95.9
224,18,94.5
224,19,91.8
224,20,88.7
224,21,86.5
224,22,84.5
224,23,82.7
225,0,81.3
225,1,80.2
225,2,79.4
225,3,78.8
225,4,78.4
225,5,78.0
225,6,77.8
225,7,78.5
225,8,80.8
225,9,83.5
225,10,86.3
225,11,89.1
225,12,91.4
225,13,93.4
225,14,95.2
225,15,96.0
225,16,96.4
225,17,95.8
225,18,94.3
225,19,91.7
225,20,88.6
225,21,86.4
225,22,84.4
225,23,82.6
226,0,81.1
226,1,80.1
226,2,79.3
226,3,78.8
226,4,78.3
226,5,78.0
226,6,77.8
226,7,78.5
226,8,80.8
226,9,83.4
226,10,86.2
226,11,88.9
226,12,91.2
226,13,93.3
226,14,95.0
226,15,95.8
226,16,96.2
226,17,95.6
226,18,94.2
226,19,91.5
226,20,88.5
226,21,86.3
226,22,84.2
226,23,82.5
227,0,81.1
227,1,80.0
227,2,79.2
227,3,78.7
227,4,78.3
227,5,77.9
227,6,77.7
227,7,78.4
227,8,80.7
227,9,83.4
227,10,86.2
227,11,88.8
227,12,91.1
227,13,93.2
227,14,95.0
227,15,95.7
227,16,96.0
227,17,95.5
227,18,94.0
227,19,91.3
227,20,88.4
227,21,86.2
227,22,84.2
227,23,82.5
228,0,81.0
228,1,80.0
228,2,79.2
228,3,78.7
228,4,78.2
228,5,77.9
228,6,77.7
228,7,78.4
228,8,80.6
228,9,83.3
228,10,86.1
228,11,88.8
228,12,91.1
228,13,93.2
228,14,94.8
228,15,95.6
228,16,95.9
228,17,95.3
228,18,93.9
228,19,91.1
228,20,88.3
228,21,86.1
228,22,84.2
228,23,82.4
229,0,81.0
229,1,80.0
229,2,79.2
229,3,78.6
229,4,78.2
229,5,77.8
229,6,77.6
229,7,78.3
229,8,80.6
229,9,83.4
229,10,86.2
229,11,88.8
229,12,91.1
229,13,93.2
229,14,94.7
229,15,95.4
229,16,95.7
229,17,95.0
229,18,93.6
229,19,90.9
229,20,88.0
229,21,85.9
229,22,84.0
229,23,82.3
230,0,80.9
230,1,79.9
230,2,79.1
230,3,78.6
230,4,78.1
230,5,77.7
230,6,77.5
230,7,78.2
230,8,80.6
230,9,83.3
230,10,86.1
230,11,88.8
230,12,91.0
230,13,93.0
230,14,94.6
230,15,95.2
230,16,95.4
230,17,94.8
230,18,93.4
230,19,90.7
230,20,87.8
230,21,85.8
230,22,83.9
230,23,82.3
231,0,80.8
231,1,79.9
231,2,79.1
231,3,78.5
231,4,78.0
231,5,77.7
231,6,77.4
231,7,78.1
231,8,80.5
231,9,83.2
231,10,86.0
231,11,88.6
231,12,90.8
231,13,92.9
231,14,94.3
231,15,94.9
231,16,95.1
231,17,94.5
231,18,93.2
231,19,90.4
231,20,87.6
231,21,85.6
231,22,83.7
231,23,82.1
232,0,80.7
232,1,79.7
232,2,79.0
232,3,78.4
232,4,77.9
232,5,77.5
232,6,77.4
232,7,78.0
232,8,80.4
232,9,83.2
232,10,86.0
232,11,88.6
232,12,90.8
232,13,92.7
232,14,94.2
232,15,94.8
232,16,95.1
232,17,94.4
232,18,93.1
232,19,90.3
232,20,87.5
232,21,85.5
232,22,83.6
232,23,82.1
233,0,80.7
233,1,79.7
233,2,78.9
233,3,78.3
233,4,77.8
233,5,77.5
233,6,77.3
233,7,77.9
233,8,80.3
233,9,83.1
233,10,86.0
233,11,88.6
233,12,90.8
233,13,92.7
233,14,94.1
233,15,94.7
233,16,95.0
233,17,94.2
233,18,92.9
233,19,90.0
233,20,87.3
233,21,85.3
233,22,83.5
233,23,81.9
234,0,80.5
234,1,79.6
234,2,78.9
234,3,78.2
234,4,77.8
234,5,77.4
234,6,77.2
234,7,77.8
234,8,80.3
234,9,83.1
234,10,85.9
234,11,88.5
234,12,90.6
234,13,92.6
234,14,94.1
234,15,94.7
234,16,94.8
234,17,94.0
234,18,92.5
234,19,89.7
234,20,87.0
234,21,85.1
234,22,83.3
234,23,81.8
235,0,80.4
235,1,79.5
235,2,78.7
235,3,78.2
235,4,77.7
235,5,77.3
235,6,77.1
235,7,77.7
235,8,80.2
235,9,83.1
235,10,85.8
235,11,88.5
235,12,90.6
235,13,92.6
235,14,94.0
235,15,94.5
235,16,94.7
235,17,93.9
235,18,92.4
235,19,89.5
235,20,86.9
235,21,84.9
235,22,83.2
235,23,81.7
236,0,80.3
236,1,79.4
236,2,78.6
236,3,78.0
236,4,77.6
236,5,77.2
236,6,77.0
236,7,77.6
236,8,80.2
236,9,83.1
236,10,85.8
236,11,88.5
236,12,90.6
236,13,92.5
236,14,93.8
236,15,94.4
236,16,94.6
236,17,93.9
236,18,92.3
236,19,89.3
236,20,86.7
236,21,84.8
236,22,83.1
236,23,81.6
237,0,80.2
237,1,79.3
237,2,78.5
237,3,78.0
237,4,77.5
237,5,77.1
237,6,76.8
237,7,77.5
237,8,80.1
237,9,83.0
237,10,85.8
237,11,88.4
237,12,90.5
237,13,92.4
237,14,93.8
237,15,94.3
237,16,94.6
237,17,93.8
237,18,92.1
237,19,89.1
237,20,86.6
237,21,84.7
237,22,83.0
237,23,81.5
238,0,80.1
238,1,79.2
238,2,78.5
238,3,77.9
238,4,77.4
238,5,77.0
238,6,76.7
238,7,77.4
238,8,80.1
238,9,83.0
238,10,85.8
238,11,88.3
238,12,90.5
238,13,92.3
238,14,93.7
238,15,94.2
238,16,94.4
238,17,93.7
238,18,92.0
238,19,89.0
238,20,86.5
238,21,84.6
238,22,82.9
238,23,81.5
239,0,80.1
239,1,79.2
239,2,78.4
239,3,77.8
239,4,77.3
239,5,76.9
239,6,76.6
239,7,77.3
239,8,80.0
239,9,82.9
239,10,85.7
239,11,88.3
239,12,90.4
239,13,92.3
239,14,93.6
239,15,94.1
239,16,94.1
239,17,93.4
239,18,91.7
239,19,88.7
239,20,86.2
239,21,84.3
239,22,82.7
239,23,81.3
240,0,80.0
240,1,79.1
240,2,78.3
240,3,77.7
240,4,77.2
240,5,76.8
240,6,76.5
240,7,77.2
240,8,79.9
240,9,82.8
240,10,85.6
240,11,88.1
240,12,90.2
240,13,92.1
240,14,93.4
240,15,93.8
240,16,93.9
240,17,93.2
240,18,91.4
240,19,88.4
240,20,85.9
240,21,84.1
240,22,82.5
240,23,81.2
241,0,79.9
241,1,79.0
241,2,78.2
241,3,77.6
241,4,77.1
241,5,76.7
241,6,76.5
241,7,77.1
241,8,79.8
241,9,82.6
241,10,85.5
241,11,88.0
241,12,90.1
241,13,91.9
241,14,93.2
241,15,93.6
241,16,93.7
241,17,92.8
241,18,90.9
241,19,87.9
241,20,85.5
241,21,83.7
241,22,82.2
241,23,80.9
242,0,79.6
242,1,78.8
242,2,78.0
242,3,77.4
242,4,76.9
242,5,76.4
242,6,76.2
242,7,76.9
242,8,79.7
242,9,82.6
242,10,85.4
242,11,87.9
242,12,90.0
242,13,91.8
242,14,93.0
242,15,93.5
242,16,93.5
242,17,92.6
242,18,90.7
242,19,87.6
242,20,85.2
242,21,83.4
242,22,81.9
242,23,80.6
243,0,79.4
243,1,78.5
243,2,77.7
243,3,77.1
243,4,76.5
243,5,76.1
243,6,75.9
243,7,76.5
243,8,79.4
243,9,82.4
243,10,85.2
243,11,87.7
243,12,89.7
243,13,91.5
243,14,92.8
243,15,93.2
243,16,93.2
243,17,92.3
243,18,90.4
243,19,87.3
243,20,84.9
243,21,83.1
243,22,81.6
243,23,80.3
244,0,79.2
244,1,78.2
244,2,77.5
244,3,76.9
244,4,76.3
244,5,75.9
244,6,75.8
244,7,76.3
244,8,79.2
244,9,82.1
244,10,84.9
244,11,87.4
244,12,89.4
244,13,91.2
244,14,92.5
244,15,93.0
244,16,92.9
244,17,91.9
244,18,90.0
244,19,86.9
244,20,84.6
244,21,82.8
244,22,81.3
244,23,80.1
245,0,78.9
245,1,78.0
245,2,77.3
245,3,76.7
245,4,76.1
245,5,75.7
245,6,75.5
245,7,76.1
245,8,78.9
245,9,81.8
245,10,84.6
245,11,87.1
245,12,89.0
245,13,90.8
245,14,92.2
245,15,92.6
245,16,92.5
245,17,91.6
245,18,89.5
245,19,86.4
245,20,84.2
245,21,82.4
245,22,80.9
245,23,79.7
246,0,78.5
246,1,77.6
246,2,76.9
246,3,76.3
246,4,75.8
246,5,75.4
246,6,75.2
246,7,75.7
246,8,78.5
246,9,81.5
246,10,84.2
246,11,86.7
246,12,88.6
246,13,90.4
246,14,91.8
246,15,92.3
246,16,92.1
246,17,91.1
246,18,89.1
246,19,85.9
246,20,83.7
246,21,82.0
246,22,80.6
246,23,79.4
247,0,78.2
247,1,77.3
247,2,76.5
247,3,76.0
247,4,75.5
247,5,75.1
247,6,74.9
247,7,75.4
247,8,78.2
247,9,81.1
247,10,83.8
247,11,86.3
247,12,88.3
247,13,90.0
247,14,91.4
247,15,91.8
247,16,91.6
247,17,90.6
247,18,88.6
247,19,85.5
247,20,83.3
247,21,81.7
247,22,80.3
247,23,79.1
248,0,78.0
248,1,77.0
248,2,76.3
248,3,75.7
248,4,75.2
248,5,74.8
248,6,74.6
248,7,75.1
248,8,77.9
248,9,80.8
248,10,83.5
248,11,86.0
248,12,88.0
248,13,89.7
248,14,91.1
248,15,91.5
248,16,91.3
248,17,90.3
248,18,88.3
248,19,85.1
248,20,82.9
248,21,81.4
248,22,80.1
248,23,78.8
249,0,77.7
249,1,76.8
249,2,76.0
249,3,75.4
249,4,74.9
249,5,74.5
249,6,74.4
249,7,74.9
249,8,77.6
249,9,80.5
249,10,83.3
249,11,85.7
249,12,87.7
249,13,89.4
249,14,90.8
249,15,91.1
249,16,91.0
249,17,90.0
249,18,88.0
249,19,84.8
249,20,82.7
249,21,81.1
249,22,79.8
249,23,78.5
250,0,77.4
250,1,76.5
250,2,75.7
250,3,75.1
250,4,74.6
250,5,74.3
250,6,74.1
250,7,74.6
250,8,77.4
250,9,80.2
250,10,83.0
250,11,85.3
250,12,87.4
250,13,89.0
250,14,90.4
250,15,90.8
250,16,90.6
250,17,89.6
250,18,87.6
250,19,84.4
250,20,82.3
250,21,80.8
250,22,79.5
250,23,78.2
251,0,77.1
251,1,76.2
251,2,75.5
251,3,74.9
251,4,74.4
251,5,74.1
251,6,73.9
251,7,74.3
251,8,77.1
251,9,79.9
251,10,82.6
251,11,85.0
251,12,87.0
251,13,88.8
251,14,90.1
251,15,90.5
251,16,90.2
251,17,89.2
251,18,87.2
251,19,84.1
251,20,82.0
251,21,80.6
251,22,79.2
251,23,78.0
252,0,77.0
252,1,76.0
252,2,75.4
252,3,74.7
252,4,74.3
252,5,73.9
252,6,73.7
252,7,74.1
252,8,76.8
252,9,79.6
252,10,82.3
252,11,84.7
252,12,86.7
252,13,88.3
252,14,89.6
252,15,90.0
252,16,89.7
252,17,88.7
252,18,86.8
252,19,83.7
252,20,81.6
252,21,80.2
252,22,78.9
252,23,77.7
253,0,76.7
253,1,75.7
253,2,75.1
253,3,74.5
253,4,74.0
253,5,73.7
253,6,73.5
253,7,73.9
253,8,76.6
253,9,79.3
253,10,82.0
253,11,84.4
253,12,86.3
253,13,88.0
253,14,89.2
253,15,89.6
253,16,89.2
253,17,88.2
253,18,86.3
253,19,83.3
253,20,81.2
253,21,79.9
253,22,78.6
253,23,77.3
254,0,76.3
254,1,75.5
254,2,74.8
254,3,74.3
254,4,73.9
254,5,73.6
254,6,73.3
254,7,73.7
254,8,76.4
254,9,79.1
254,10,81.8
254,11,84.2
254,12,86.1
254,13,87.8
254,14,89.0
254,15,89.4
254,16,89.0
254,17,88.0
254,18,86.1
254,19,83.1
254,20,80.9
254,21,79.6
254,22,78.4
254,23,77.2
255,0,76.1
255,1,75.2
255,2,74.6
255,3,74.1
255,4,73.7
255,5,73.4
255,6,73.1
255,7,73.5
255,8,76.2
255,9,78.9
255,10,81.6
255,11,84.0
255,12,86.1
255,13,87.7
255,14,88.9
255,15,89.3
255,16,88.9
255,17,87.8
255,18,86.0
255,19,82.9
255,20,80.7
255,21,79.4
255,22,78.2
255,23,76.9
256,0,75.9
256,1,75.0
256,2,74.4
256,3,73.8
256,4,73.4
256,5,73.1
256,6,72.9
256,7,73.3
256,8,76.0
256,9,78.8
256,10,81.5
256,11,83.9
256,12,85.9
256,13,87.5
256,14,88.7
256,15,89.1
256,16,88.7
256,17,87.8
256,18,85.9
256,19,82.8
256,20,80.6
256,21,79.3
256,22,78.0
256,23,76.8
257,0,75.8
257,1,74.9
257,2,74.3
257,3,73.7
257,4,73.3
257,5,73.0
257,6,72.8
257,7,73.2
257,8,75.9
257,9,78.7
257,10,81.4
257,11,83.8
257,12,85.7
257,13,87.3
257,14,88.6
257,15,88.9
257,16,88.5
257,17,87.6
257,18,85.6
257,19,82.6
257,20,80.4
257,21,79.1
257,22,77.9
257,23,76.7
258,0,75.7
258,1,74.8
258,2,74.1
258,3,73.6
258,4,73.2
258,5,72.8
258,6,72.6
258,7,73.0
258,8,75.7
258,9,78.5
258,10,81.1
258,11,83.5
258,12,85.5
258,13,87.1
258,14,88.3
258,15,88.7
258,16,88.3
258,17,87.3
258,18,85.3
258,19,82.3
258,20,80.2
258,21,78.8
258,22,77.7
258,23,76.5
259,0,75.5
259,1,74.7
259,2,74.0
259,3,73.4
259,4,73.0
259,5,72.6
259,6,72.3
259,7,72.7
259,8,75.4
259,9,78.3
259,10,80.9
259,11,83.3
259,12,85.3
259,13,86.8
259,14,88.0
259,15,88.4
259,16,88.0
259,17,87.2
259,18,85.2
259,19,82.0
259,20,79.9
259,21,78.6
259,22,77.4
259,23,76.2
260,0,75.2
260,1,74.4
260,2,73.7
260,3,73.1
260,4,72.7
260,5,72.3
260,6,72.1
260,7,72.5
260,8,75.2
260,9,78.1
260,10,80.8
260,11,83.2
260,12,85.2
260,13,86.7
260,14,87.8
260,15,88.3
260,16,87.9
260,17,87.0
260,18,85.0
260,19,81.9
260,20,79.8
260,21,78.5
260,22,77.3
260,23,76.1
261,0,75.2
261,1,74.3
261,2,73.7
261,3,73.0
261,4,72.6
261,5,72.2
261,6,72.0
261,7,72.3
261,8,75.1
261,9,78.1
261,10,80.8
261,11,83.2
261,12,85.3
261,13,86.8
261,14,87.8
261,15,88.3
261,16,87.9
261,17,87.1
261,18,85.1
261,19,81.8
261,20,79.8
261,21,78.5
261,22,77.3
261,23,76.1
262,0,75.1
262,1,74.3
262,2,73.6
262,3,72.9
262,4,72.5
262,5,72.0
262,6,71.8
262,7,72.2
262,8,75.0
262,9,78.1
262,10,80.8
262,11,83.2
262,12,85.3
262,13,86.8
262,14,87.8
262,15,88.3
262,16,87.9
262,17,87.0
262,18,84.9
262,19,81.8
262,20,79.8
262,21,78.4
262,22,77.1
262,23,75.9
263,0,74.9
263,1,74.1
263,2,73.4
263,3,72.7
263,4,72.3
263,5,71.9
263,6,71.7
263,7,72.0
263,8,74.8
263,9,77.8
263,10,80.5
263,11,82.9
263,12,84.9
263,13,86.5
263,14,87.6
263,15,88.0
263,16,87.6
263,17,86.8
263,18,84.7
263,19,81.5
263,20,79.5
263,21,78.2
263,22,76.9
263,23,75.8
264,0,74.8
264,1,73.9
264,2,73.2
264,3,72.5
264,4,72.1
264,5,71.7
264,6,71.5
264,7,71.8
264,8,74.6
264,9,77.6
264,10,80.4
264,11,82.7
264,12,84.7
264,13,86.3
264,14,87.4
264,15,87.8
264,16,87.4
264,17,86.5
264,18,84.4
264,19,81.3
264,20,79.3
264,21,78.1
264,22,76.7
264,23,75.6
265,0,74.6
265,1,73.7
265,2,73.0
265,3,72.3
265,4,71.8
265,5,71.5
265,6,71.2
265,7,71.5
265,8,74.3
265,9,77.4
265,10,80.2
265,11,82.5
265,12,84.5
265,13,86.0
265,14,87.1
265,15,87.6
265,16,87.2
265,17,86.2
265,18,84.1
265,19,80.9
265,20,79.0
265,21,77.8
265,22,76.5
265,23,75.3
266,0,74.3
266,1,73.4
266,2,72.7
266,3,72.0
266,4,71.5
266,5,71.1
266,6,70.8
266,7,71.2
266,8,74.1
266,9,77.3
266,10,80.1
266,11,82.4
266,12,84.5
266,13,86.0
266,14,87.1
266,15,87.5
266,16,87.1
266,17,86.2
266,18,84.0
266,19,80.7
266,20,78.8
266,21,77.5
266,22,76.2
266,23,75.1
267,0,74.0
267,1,73.1
267,2,72.4
267,3,71.7
267,4,71.2
267,5,70.8
267,6,70.6
267,7,70.9
267,8,73.8
267,9,77.2
267,10,80.0
267,11,82.3
267,12,84.4
267,13,85.9
267,14,87.1
267,15,87.6
267,16,87.2
267,17,86.2
267,18,83.9
267,19,80.6
267,20,78.7
267,21,77.4
267,22,76.0
267,23,74.9
268,0,73.9
268,1,72.9
268,2,72.2
268,3,71.5
268,4,71.0
268,5,70.6
268,6,70.3
268,7,70.6
268,8,73.6
268,9,77.0
268,10,79.8
268,11,82.2
268,12,84.2
268,13,85.8
268,14,87.0
268,15,87.5
268,16,87.3
268,17,86.2
268,18,83.8
268,19,80.4
268,20,78.5
268,21,77.2
268,22,75.8
268,23,74.7
269,0,73.7
269,1,72.7
269,2,71.9
269,3,71.2
269,4,70.6
269,5,70.2
269,6,69.9
269,7,70.2
269,8,73.2
269,9,76.7
269,10,79.6
269,11,81.9
269,12,83.9
269,13,85.6
269,14,86.7
269,15,87.2
269,16,87.0
269,17,86.0
269,18,83.6
269,19,80.1
269,20,78.4
269,21,77.0
269,22,75.6
269,23,74.4
270,0,73.4
270,1,72.4
270,2,71.6
270,3,70.9
270,4,70.3
270,5,69.8
270,6,69.5
270,7,69.8
270,8,72.9
270,9,76.4
270,10,79.3
270,11,81.6
270,12,83.7
270,13,85.3
270,14,86.5
270,15,87.0
270,16,86.9
270,17,85.9
270,18,83.4
270,19,79.9
270,20,78.2
270,21,76.9
270,22,75.5
270,23,74.4
271,0,73.3
271,1,72.3
271,2,71.5
271,3,70.7
271,4,70.2
271,5,69.7
271,6,69.4
271,7,69.7
271,8,72.7
271,9,76.2
271,10,79.1
271,11,81.5
271,12,83.5
271,13,85.2
271,14,86.4
271,15,87.0
271,16,86.8
271,17,85.8
271,18,83.3
271,19,79.8
271,20,78.1
271,21,76.8
271,22,75.4
271,23,74.2
272,0,73.1
272,1,72.1
272,2,71.4
272,3,70.5
272,4,69.9
272,5,69.5
272,6,69.2
272,7,69.4
272,8,72.5
272,9,76.0
272,10,78.9
272,11,81.3
272,12,83.4
272,13,85.0
272,14,86.2
272,15,86.8
272,16,86.7
272,17,85.7
272,18,83.1
272,19,79.6
272,20,78.0
272,21,76.6
272,22,75.2
272,23,74.0
273,0,72.9
273,1,71.9
273,2,71.2
273,3,70.4
273,4,69.8
273,5,69.3
273,6,69.1
273,7,69.3
273,8,72.2
273,9,75.8
273,10,78.7
273,11,81.1
273,12,83.2
273,13,84.9
273,14,86.0
273,15,86.6
273,16,86.6
273,17,85.5
273,18,82.9
273,19,79.4
273,20,77.7
273,21,76.3
273,22,74.9
273,23,73.7
274,0,72.5
274,1,71.6
274,2,70.8
274,3,70.0
274,4,69.5
274,5,69.0
274,6,68.8
274,7,69.0
274,8,71.9
274,9,75.6
274,10,78.5
274,11,81.0
274,12,83.1
274,13,84.7
274,14,85.9
274,15,86.5
274,16,86.4
274,17,85.3
274,18,82.7
274,19,79.2
274,20,77.7
274,21,76.2
274,22,74.8
274,23,73.5
275,0,72.5
275,1,71.5
275,2,70.7
275,3,69.9
275,4,69.4
275,5,68.9
275,6,68.6
275,7,68.8
275,8,71.7
275,9,75.3
275,10,78.2
275,11,80.7
275,12,82.7
275,13,84.4
275,14,85.6
275,15,86.3
275,16,86.2
275,17,85.1
275,18,82.4
275,19,79.0
275,20,77.4
275,21,76.0
275,22,74.6
275,23,73.3
276,0,72.2
276,1,71.3
276,2,70.5
276,3,69.7
276,4,69.2
276,5,68.8
276,6,68.4
276,7,68.6
276,8,71.3
276,9,74.9
276,10,77.8
276,11,80.3
276,12,82.3
276,13,84.0
276,14,85.2
276,15,86.0
276,16,86.0
276,17,84.8
276,18,82.2
276,19,78.8
276,20,77.1
276,21,75.6
276,22,74.2
276,23,73.0
277,0,71.9
277,1,71.0
277,2,70.2
277,3,69.5
277,4,68.9
277,5,68.4
277,6,68.1
277,7,68.2
277,8,70.9
277,9,74.4
277,10,77.3
277,11,79.8
277,12,81.8
277,13,83.5
277,14,84.8
277,15,85.5
277,16,85.5
277,17,84.4
277,18,81.8
277,19,78.4
277,20,76.8
277,21,75.3
277,22,73.9
277,23,72.8
278,0,71.7
278,1,70.7
278,2,70.0
278,3,69.3
278,4,68.7
278,5,68.2
278,6,67.9
278,7,68.0
278,8,70.7
278,9,74.2
278,10,77.1
278,11,79.6
278,12,81.7
278,13,83.3
278,14,84.6
278,15,85.3
278,16,85.4
278,17,84.3
278,18,81.7
278,19,78.3
278,20,76.7
278,21,75.2
278,22,73.9
278,23,72.7
279,0,71.6
279,1,70.7
279,2,69.9
279,3,69.3
279,4,68.7
279,5,68.3
279,6,68.0
279,7,68.1
279,8,70.6
279,9,74.0
279,10,76.9
279,11,79.4
279,12,81.4
279,13,83.2
279,14,84.4
279,15,85.2
279,16,85.3
279,17,84.1
279,18,81.5
279,19,78.2
279,20,76.6
279,21,75.0
279,22,73.7
279,23,72.6
280,0,71.5
280,1,70.6
280,2,69.9
280,3,69.3
280,4,68.7
280,5,68.2
280,6,67.9
280,7,67.9
280,8,70.5
280,9,73.9
280,10,76.8
280,11,79.4
280,12,81.4
280,13,83.1
280,14,84.4
280,15,85.2
280,16,85.3
280,17,84.2
280,18,81.5
280,19,78.2
280,20,76.7
280,21,75.1
280,22,73.7
280,23,72.6
281,0,71.5
281,1,70.7
281,2,69.8
281,3,69.2
281,4,68.7
281,5,68.2
281,6,67.9
281,7,67.9
281,8,70.3
281,9,73.7
281,10,76.5
281,11,79.1
281,12,81.1
281,13,82.7
281,14,84.1
281,15,84.9
281,16,85.0
281,17,83.8
281,18,81.1
281,19,78.0
281,20,76.3
281,21,74.8
281,22,73.4
281,23,72.2
282,0,71.2
282,1,70.3
282,2,69.5
282,3,68.9
282,4,68.3
282,5,67.8
282,6,67.5
282,7,67.4
282,8,69.8
282,9,73.1
282,10,75.9
282,11,78.4
282,12,80.4
282,13,82.1
282,14,83.4
282,15,84.2
282,16,84.3
282,17,83.1
282,18,80.4
282,19,77.4
282,20,75.7
282,21,74.2
282,22,72.8
282,23,71.6
283,0,70.6
283,1,69.7
283,2,68.9
283,3,68.3
283,4,67.7
283,5,67.2
283,6,66.9
283,7,66.8
283,8,69.3
283,9,72.6
283,10,75.4
283,11,77.9
283,12,79.9
283,13,81.7
283,14,83.0
283,15,83.8
283,16,83.9
283,17,82.8
283,18,80.0
283,19,77.1
283,20,75.4
283,21,73.8
283,22,72.4
283,23,71.2
284,0,70.2
284,1,69.3
284,2,68.6
284,3,68.0
284,4,67.4
284,5,66.9
284,6,66.6
284,7,66.6
284,8,68.9
284,9,72.3
284,10,75.0
284,11,77.6
284,12,79.6
284,13,81.4
284,14,82.7
284,15,83.6
284,16,83.6
284,17,82.4
284,18,79.6
284,19,76.7
284,20,75.0
284,21,73.4
284,22,72.0
284,23,70.8
285,0,69.8
285,1,69.0
285,2,68.1
285,3,67.5
285,4,67.0
285,5,66.5
285,6,66.2
285,7,66.1
285,8,68.5
285,9,71.9
285,10,74.6
285,11,77.2
285,12,79.2
285,13,81.0
285,14,82.3
285,15,83.2
285,16,83.2
285,17,82.1
285,18,79.2
285,19,76.3
285,20,74.5
285,21,72.9
285,22,71.5
285,23,70.4
286,0,69.4
286,1,68.5
286,2,67.6
286,3,67.0
286,4,66.5
286,5,66.0
286,6,65.7
286,7,65.6
286,8,68.1
286,9,71.5
286,10,74.3
286,11,76.8
286,12,78.8
286,13,80.6
286,14,82.0
286,15,82.8
286,16,82.8
286,17,81.7
286,18,78.8
286,19,75.9
286,20,74.1
286,21,72.6
286,22,71.2
286,23,70.1
287,0,69.1
287,1,68.3
287,2,67.4
287,3,66.8
287,4,66.2
287,5,65.7
287,6,65.4
287,7,65.4
287,8,67.8
287,9,71.2
287,10,74.0
287,11,76.5
287,12,78.5
287,13,80.4
287,14,81.7
287,15,82.5
287,16,82.5
287,17,81.3
287,18,78.5
287,19,75.7
287,20,73.9
287,21,72.4
287,22,71.0
287,23,69.9
288,0,68.9
288,1,68.0
288,2,67.2
288,3,66.6
288,4,66.0
288,5,65.4
288,6,65.1
288,7,65.0
288,8,67.4
288,9,70.8
288,10,73.6
288,11,76.2
288,12,78.1
288,13,80.0
288,14,81.4
288,15,82.1
288,16,82.1
288,17,80.8
288,18,78.0
288,19,75.2
288,20,73.4
288,21,71.9
288,22,70.5
288,23,69.5
289,0,68.5
289,1,67.6
289,2,66.8
289,3,66.2
289,4,65.5
289,5,65.0
289,6,64.7
289,7,64.6
289,8,67.0
289,9,70.3
289,10,73.2
289,11,75.7
289,12,77.7
289,13,79.6
289,14,81.0
289,15,81.8
289,16,81.7
289,17,80.5
289,18,77.5
289,19,74.7
289,20,72.9
289,21,71.3
289,22,70.0
289,23,68.9
290,0,67.9
290,1,67.0
290,2,66.2
290,3,65.6
290,4,65.0
290,5,64.4
290,6,64.2
290,7,64.1
290,8,66.6
290,9,69.9
290,10,72.8
290,11,75.4
290,12,77.4
290,13,79.3
290,14,80.8
290,15,81.5
290,16,81.4
290,17,80.2
290,18,77.1
290,19,74.4
290,20,72.4
290,21,70.8
290,22,69.6
290,23,68.5
291,0,67.5
291,1,66.5
291,2,65.7
291,3,65.1
291,4,64.4
291,5,63.9
291,6,63.7
291,7,63.6
291,8,66.1
291,9,69.4
291,10,72.5
291,11,75.0
291,12,77.1
291,13,79.0
291,14,80.5
291,15,81.2
291,16,81.1
291,17,79.8
291,18,76.8
291,19,74.1
291,20,72.1
291,21,70.6
291,22,69.3
291,23,68.2
292,0,67.2
292,1,66.2
292,2,65.4
292,3,64.7
292,4,64.1
292,5,63.5
292,6,63.3
292,7,63.2
292,8,65.8
292,9,69.3
292,10,72.3
292,11,74.8
292,12,77.0
292,13,78.9
292,14,80.3
292,15,81.0
292,16,80.9
292,17,79.6
292,18,76.4
292,19,73.7
292,20,71.7
292,21,70.1
292,22,68.8
292,23,67.7
293,0,66.6
293,1,65.6
293,2,64.8
293,3,64.1
293,4,63.4
293,5,62.9
293,6,62.6
293,7,62.5
293,8,65.1
293,9,68.7
293,10,71.7
293,11,74.2
293,12,76.4
293,13,78.3
293,14,79.7
293,15,80.3
293,16,80.2
293,17,78.8
293,18,75.5
293,19,72.8
293,20,70.9
293,21,69.2
293,22,67.9
293,23,66.7
294,0,65.6
294,1,64.7
294,2,63.8
294,3,63.1
294,4,62.4
294,5,61.8
294,6,61.6
294,7,61.5
294,8,64.3
294,9,67.9
294,10,71.0
294,11,73.6
294,12,75.7
294,13,77.7
294,14,79.1
294,15,79.8
294,16,79.6
294,17,78.3
294,18,74.9
294,19,72.2
294,20,70.2
294,21,68.4
294,22,67.1
294,23,65.9
295,0,64.8
295,1,63.8
295,2,62.9
295,3,62.1
295,4,61.5
295,5,60.9
295,6,60.7
295,7,60.6
295,8,63.5
295,9,67.2
295,10,70.3
295,11,72.9
295,12,75.0
295,13,77.1
295,14,78.3
295,15,79.0
295,16,78.8
295,17,77.5
295,18,74.1
295,19,71.4
295,20,69.4
295,21,67.6
295,22,66.3
295,23,65.1
296,0,64.1
296,1,63.0
296,2,62.2
296,3,61.4
296,4,60.7
296,5,60.2
296,6,60.0
296,7,59.9
296,8,62.8
296,9,66.6
296,10,69.7
296,11,72.4
296,12,74.6
296,13,76.7
296,14,77.9
296,15,78.5
296,16,78.4
296,17,77.1
296,18,73.7
296,19,70.9
296,20,68.9
296,21,67.2
296,22,65.9
296,23,64.7
297,0,63.6
297,1,62.6
297,2,61.8
297,3,61.0
297,4,60.3
297,5,59.8
297,6,59.6
297,7,59.6
297,8,62.6
297,9,66.5
297,10,69.6
297,11,72.3
297,12,74.6
297,13,76.6
297,14,77.9
297,15,78.5
297,16,78.4
297,17,77.0
297,18,73.5
297,19,70.6
297,20,68.7
297,21,66.9
297,22,65.6
297,23,64.3
298,0,63.2
298,1,62.2
298,2,61.4
298,3,60.7
298,4,60.0
298,5,59.5
298,6,59.3
298,7,59.3
298,8,62.2
298,9,66.1
298,10,69.4
298,11,72.1
298,12,74.4
298,13,76.4
298,14,77.6
298,15,78.3
298,16,78.1
298,17,76.7
298,18,73.1
298,19,70.3
298,20,68.4
298,21,66.5
298,22,65.2
298,23,63.9
299,0,62.8
299,1,61.8
299,2,60.9
299,3,60.2
299,4,59.4
299,5,59.0
299,6,58.8
299,7,58.7
299,8,61.8
299,9,65.8
299,10,69.1
299,11,71.9
299,12,74.2
299,13,76.1
299,14,77.4
299,15,78.0
299,16,77.8
299,17,76.4
299,18,72.8
299,19,70.0
299,20,68.1
299,21,66.3
299,22,64.9
299,23,63.6
300,0,62.4
300,1,61.4
300,2,60.6
300,3,59.8
300,4,59.1
300,5,58.7
300,6,58.5
300,7,58.4
300,8,61.4
300,9,65.4
300,10,68.8
300,11,71.5
300,12,73.8
300,13,75.8
300,14,77.0
300,15,77.6
300,16,77.4
300,17,76.0
300,18,72.3
300,19,69.6
300,20,67.8
300,21,66.0
300,22,64.6
300,23,63.3
301,0,62.2
301,1,61.1
301,2,60.4
301,3,59.7
301,4,58.9
301,5,58.5
301,6,58.3
301,7,58.2
301,8,61.1
301,9,65.2
301,10,68.5
301,11,71.2
301,12,73.6
301,13,75.5
301,14,76.7
301,15,77.2
301,16,77.1
301,17,75.6
301,18,72.0
301,19,69.3
301,20,67.5
301,21,65.6
301,22,64.2
301,23,62.8
302,0,61.8
302,1,60.7
302,2,60.0
302,3,59.3
302,4,58.6
302,5,58.2
302,6,58.0
302,7,58.0
302,8,60.8
302,9,64.8
302,10,68.2
302,11,70.9
302,12,73.3
302,13,75.2
302,14,76.4
302,15,77.0
302,16,76.9
302,17,75.4
302,18,71.7
302,19,69.1
302,20,67.3
302,21,65.4
302,22,64.0
302,23,62.7
303,0,61.6
303,1,60.5
303,2,59.8
303,3,59.1
303,4,58.5
303,5,58.1
303,6,57.9
303,7,57.9
303,8,60.7
303,9,64.8
303,10,68.0
303,11,70.6
303,12,73.0
303,13,74.9
303,14,76.1
303,15,76.7
303,16,76.6
303,17,75.2
303,18,71.5
303,19,69.0
303,20,67.2
303,21,65.3
303,22,63.9
303,23,62.5
304,0,61.5
304,1,60.5
304,2,59.8
304,3,59.1
304,4,58.4
304,5,58.1
304,6,57.9
304,7,57.9
304,8,60.6
304,9,64.6
304,10,67.7
304,11,70.4
304,12,72.7
304,13,74.6
304,14,75.7
304,15,76.3
304,16,76.2
304,17,74.8
304,18,71.1
304,19,68.6
304,20,66.8
304,21,65.1
304,22,63.7
304,23,62.3
305,0,61.3
305,1,60.4
305,2,59.7
305,3,58.9
305,4,58.3
305,5,57.9
305,6,57.7
305,7,57.7
305,8,60.3
305,9,64.2
305,10,67.4
305,11,70.0
305,12,72.3
305,13,74.2
305,14,75.3
305,15,75.8
305,16,75.7
305,17,74.3
305,18,70.7
305,19,68.2
305,20,66.5
305,21,64.8
305,22,63.3
305,23,62.0
306,0,61.0
306,1,60.2
306,2,59.5
306,3,58.7
306,4,58.1
306,5,57.8
306,6,57.5
306,7,57.5
306,8,60.0
306,9,63.9
306,10,67.1
306,11,69.6
306,12,71.9
306,13,73.8
306,14,74.9
306,15,75.4
306,16,75.3
306,17,73.9
306,18,70.3
306,19,67.8
306,20,66.2
306,21,64.5
306,22,63.1
306,23,61.8
307,0,60.8
307,1,60.0
307,2,59.3
307,3,58.6
307,4,58.0
307,5,57.7
307,6,57.5
307,7,57.4
307,8,59.9
307,9,63.8
307,10,66.9
307,11,69.4
307,12,71.7
307,13,73.4
307,14,74.5
307,15,75.1
307,16,75.0
307,17,73.6
307,18,70.1
307,19,67.8
307,20,66.1
307,21,64.5
307,22,63.1
307,23,61.8
308,0,60.9
308,1,60.1
308,2,59.4
308,3,58.8
308,4,58.2
308,5,57.9
308,6,57.7
308,7,57.7
308,8,60.1
308,9,63.8
308,10,66.9
308,11,69.4
308,12,71.6
308,13,73.3
308,14,74.4
308,15,75.0
308,16,74.9
308,17,73.5
308,18,70.0
308,19,67.7
308,20,66.0
308,21,64.5
308,22,63.1
308,23,61.9
309,0,61.0
309,1,60.1
309,2,59.6
309,3,58.9
309,4,58.3
309,5,58.0
309,6,57.7
309,7,57.6
309,8,59.9
309,9,63.6
309,10,66.6
309,11,69.0
309,12,71.2
309,13,72.9
309,14,74.0
309,15,74.6
309,16,74.4
309,17,72.9
309,18,69.6
309,19,67.4
309,20,65.7
309,21,64.2
309,22,62.9
309,23,61.7
310,0,60.9
310,1,60.1
310,2,59.5
310,3,58.8
310,4,58.3
310,5,57.9
310,6,57.6
310,7,57.6
310,8,59.6
310,9,63.0
310,10,66.1
310,11,68.4
310,12,70.6
310,13,72.3
310,14,73.5
310,15,74.0
310,16,73.9
310,17,72.4
310,18,69.1
310,19,67.0
310,20,65.4
310,21,64.0
310,22,62.7
310,23,61.5
311,0,60.6
311,1,59.9
311,2,59.3
311,3,58.7
311,4,58.2
311,5,57.9
311,6,57.5
311,7,57.5
311,8,59.3
311,9,62.6
311,10,65.6
311,11,67.9
311,12,70.1
311,13,71.8
311,14,73.0
311,15,73.6
311,16,73.4
311,17,72.0
311,18,68.8
311,19,66.7
311,20,65.1
311,21,63.8
311,22,62.5
311,23,61.3
312,0,60.4
312,1,59.7
312,2,59.1
312,3,58.5
312,4,58.1
312,5,57.7
312,6,57.4
312,7,57.2
312,8,59.0
312,9,62.1
312,10,65.1
312,11,67.3
312,12,69.6
312,13,71.3
312,14,72.5
312,15,73.1
312,16,72.9
312,17,71.5
312,18,68.5
312,19,66.4
312,20,64.8
312,21,63.5
312,22,62.2
312,23,61.1
313,0,60.1
313,1,59.5
313,2,58.9
313,3,58.2
313,4,57.8
313,5,57.3
313,6,57.0
313,7,56.9
313,8,58.5
313,9,61.7
313,10,64.7
313,11,67.1
313,12,69.2
313,13,71.0
313,14,72.1
313,15,72.8
313,16,72.5
313,17,71.1
313,18,68.1
313,19,66.1
313,20,64.5
313,21,63.2
313,22,61.7
313,23,60.7
314,0,59.8
314,1,59.1
314,2,58.5
314,3,58.0
314,4,57.5
314,5,57.0
314,6,56.7
314,7,56.5
314,8,58.0
314,9,61.3
314,10,64.3
314,11,66.7
314,12,68.8
314,13,70.6
314,14,71.7
314,15,72.4
314,16,72.2
314,17,70.8
314,18,67.8
314,19,65.8
314,20,64.1
314,21,62.7
314,22,61.4
314,23,60.3
315,0,59.5
315,1,58.8
315,2,58.2
315,3,57.6
315,4,57.1
315,5,56.7
315,6,56.3
315,7,56.1
315,8,57.6
315,9,60.9
315,10,64.0
315,11,66.4
315,12,68.6
315,13,70.3
315,14,71.5
315,15,72.1
315,16,71.8
315,17,70.4
315,18,67.5
315,19,65.5
315,20,63.7
315,21,62.3
315,22,61.0
315,23,60.0
316,0,59.1
316,1,58.3
316,2,57.6
316,3,57.0
316,4,56.5
316,5,56.0
316,6,55.7
316,7,55.5
316,8,57.0
316,9,60.4
316,10,63.6
316,11,66.0
316,12,68.2
316,13,69.9
316,14,71.1
316,15,71.7
316,16,71.5
316,17,70.1
316,18,67.1
316,19,65.2
316,20,63.3
316,21,62.0
316,22,60.7
316,23,59.7
317,0,58.8
317,1,58.0
317,2,57.3
317,3,56.6
317,4,56.1
317,5,55.6
317,6,55.3
317,7,55.0
317,8,56.5
317,9,60.0
317,10,63.2
317,11,65.7
317,12,67.8
317,13,69.5
317,14,70.7
317,15,71.4
317,16,71.1
317,17,69.7
317,18,66.6
317,19,64.7
317,20,62.9
317,21,61.5
317,22,60.3
317,23,59.3
318,0,58.4
318,1,57.7
318,2,57.0
318,3,56.4
318,4,55.8
318,5,55.3
318,6,55.0
318,7,54.8
318,8,56.3
318,9,59.8
318,10,63.0
318,11,65.5
318,12,67.6
318,13,69.4
318,14,70.6
318,15,71.2
318,16,71.0
318,17,69.5
318,18,66.4
318,19,64.5
318,20,62.7
318,21,61.4
318,22,60.2
318,23,59.3
319,0,58.4
319,1,57.7
319,2,56.9
319,3,56.3
319,4,55.7
319,5,55.2
319,6,54.8
319,7,54.6
319,8,55.9
319,9,59.3
319,10,62.5
319,11,65.0
319,12,67.2
319,13,68.9
319,14,70.2
319,15,70.9
319,16,70.6
319,17,69.2
319,18,66.1
319,19,64.2
319,20,62.5
319,21,61.2
319,22,59.9
319,23,58.9
320,0,58.1
320,1,57.3
320,2,56.5
320,3,55.9
320,4,55.3
320,5,54.8
320,6,54.4
320,7,54.1
320,8,55.5
320,9,58.9
320,10,62.1
320,11,64.8
320,12,66.9
320,13,68.7
320,14,70.0
320,15,70.7
320,16,70.5
320,17,69.0
320,18,65.9
320,19,63.9
320,20,62.3
320,21,60.9
320,22,59.7
320,23,58.7
321,0,57.8
321,1,57.0
321,2,56.3
321,3,55.7
321,4,55.1
321,5,54.5
321,6,54.1
321,7,53.8
321,8,55.1
321,9,58.6
321,10,61.8
321,11,64.5
321,12,66.7
321,13,68.4
321,14,69.7
321,15,70.5
321,16,70.2
321,17,68.7
321,18,65.5
321,19,63.5
321,20,61.8
321,21,60.5
321,22,59.2
321,23,58.2
322,0,57.4
322,1,56.5
322,2,55.8
322,3,55.2
322,4,54.5
322,5,54.0
322,6,53.6
322,7,53.3
322,8,54.6
322,9,58.2
322,10,61.5
322,11,64.2
322,12,66.4
322,13,68.2
322,14,69.5
322,15,70.3
322,16,70.0
322,17,68.4
322,18,65.2
322,19,63.1
322,20,61.4
322,21,60.0
322,22,58.8
322,23,57.7
323,0,56.9
323,1,56.1
323,2,55.3
323,3,54.5
323,4,53.9
323,5,53.4
323,6,53.0
323,7,52.8
323,8,54.0
323,9,57.7
323,10,61.0
323,11,63.8
323,12,65.9
323,13,67.8
323,14,69.3
323,15,70.1
323,16,69.8
323,17,68.2
323,18,64.9
323,19,62.9
323,20,61.1
323,21,59.8
323,22,58.5
323,23,57.4
324,0,56.6
324,1,55.8
324,2,55.0
324,3,54.2
324,4,53.6
324,5,53.1
324,6,52.8
324,7,52.5
324,8,53.8
324,9,57.4
324,10,60.8
324,11,63.7
324,12,65.8
324,13,67.7
324,14,69.1
324,15,70.0
324,16,69.7
324,17,68.1
324,18,64.7
324,19,62.6
324,20,60.8
324,21,59.5
324,22,58.2
324,23,57.1
325,0,56.3
325,1,55.5
325,2,54.7
325,3,53.9
325,4,53.3
325,5,52.8
325,6,52.5
325,7,52.2
325,8,53.5
325,9,57.3
325,10,60.7
325,11,63.7
325,12,65.8
325,13,67.7
325,14,69.2
325,15,70.0
325,16,69.8
325,17,68.2
325,18,64.7
325,19,62.5
325,20,60.7
325,21,59.3
325,22,58.0
325,23,57.0
326,0,56.1
326,1,55.3
326,2,54.5
326,3,53.8
326,4,53.1
326,5,52.6
326,6,52.4
326,7,52.2
326,8,53.4
326,9,57.3
326,10,60.8
326,11,63.8
326,12,65.9
326,13,67.8
326,14,69.2
326,15,70.0
326,16,69.8
326,17,68.1
326,18,64.6
326,19,62.5
326,20,60.6
326,21,59.2
326,22,57.9
326,23,56.9
327,0,56.2
327,1,55.4
327,2,54.6
327,3,53.9
327,4,53.2
327,5,52.7
327,6,52.3
327,7,52.1
327,8,53.3
327,9,57.2
327,10,60.6
327,11,63.6
327,12,65.8
327,13,67.6
327,14,69.1
327,15,69.9
327,16,69.6
327,17,67.9
327,18,64.4
327,19,62.3
327,20,60.5
327,21,59.1
327,22,57.9
327,23,56.9
328,0,56.1
328,1,55.3
328,2,54.5
328,3,53.8
328,4,53.2
328,5,52.7
328,6,52.3
328,7,52.2
328,8,53.3
328,9,57.0
328,10,60.4
328,11,63.3
328,12,65.4
328,13,67.3
328,14,68.7
328,15,69.5
328,16,69.2
328,17,67.6
328,18,64.1
328,19,62.0
328,20,60.2
328,21,58.8
328,22,57.7
328,23,56.8
329,0,56.0
329,1,55.2
329,2,54.5
329,3,53.7
329,4,53.1
329,5,52.6
329,6,52.2
329,7,52.2
329,8,53.3
329,9,56.9
329,10,60.2
329,11,63.1
329,12,65.3
329,13,67.1
329,14,68.5
329,15,69.2
329,16,69.0
329,17,67.3
329,18,63.9
329,19,61.7
329,20,60.0
329,21,58.7
329,22,57.6
329,23,56.7
330,0,55.9
330,1,55.1
330,2,54.4
330,3,53.6
330,4,53.1
330,5,52.6
330,6,52.1
330,7,52.1
330,8,53.2
330,9,56.7
330,10,59.9
330,11,62.8
330,12,64.9
330,13,66.7
330,14,68.1
330,15,68.9
330,16,68.7
330,17,67.0
330,18,63.7
330,19,61.5
330,20,59.8
330,21,58.5
330,22,57.4
330,23,56.4
331,0,55.7
331,1,54.9
331,2,54.3
331,3,53.5
331,4,53.0
331,5,52.5
331,6,52.1
331,7,52.1
331,8,53.0
331,9,56.4
331,10,59.5
331,11,62.3
331,12,64.4
331,13,66.2
331,14,67.7
331,15,68.4
331,16,68.2
331,17,66.5
331,18,63.2
331,19,61.0
331,20,59.3
331,21,58.0
331,22,56.8
331,23,55.9
332,0,55.0
332,1,54.3
332,2,53.7
332,3,53.0
332,4,52.6
332,5,52.1
332,6,51.7
332,7,51.6
332,8,52.3
332,9,55.6
332,10,58.7
332,11,61.4
332,12,63.5
332,13,65.3
332,14,66.8
332,15,67.5
332,16,67.3
332,17,65.6
332,18,62.4
332,19,60.3
332,20,58.5
332,21,57.2
332,22,55.9
332,23,55.0
333,0,54.1
333,1,53.3
333,2,52.7
333,3,52.0
333,4,51.6
333,5,51.3
333,6,50.8
333,7,50.7
333,8,51.4
333,9,54.8
333,10,57.9
333,11,60.6
333,12,62.8
333,13,64.6
333,14,66.1
333,15,66.8
333,16,66.6
333,17,65.0
333,18,61.7
333,19,59.6
333,20,57.8
333,21,56.4
333,22,55.1
333,23,54.1
334,0,53.2
334,1,52.5
334,2,51.9
334,3,51.2
334,4,50.8
334,5,50.6
334,6,50.2
334,7,50.1
334,8,50.9
334,9,54.3
334,10,57.5
334,11,60.3
334,12,62.4
334,13,64.2
334,14,65.6
334,15,66.3
334,16,66.1
334,17,64.5
334,18,61.2
334,19,59.1
334,20,57.3
334,21,55.9
334,22,54.6
334,23,53.7
335,0,52.8
335,1,52.1
335,2,51.6
335,3,50.9
335,4,50.5
335,5,50.2
335,6,49.9
335,7,49.9
335,8,50.6
335,9,53.9
335,10,57.0
335,11,59.8
335,12,61.9
335,13,63.7
335,14,65.2
335,15,65.9
335,16,65.7
335,17,64.1
335,18,60.8
335,19,58.8
335,20,57.0
335,21,55.6
335,22,54.3
335,23,53.4
336,0,52.5
336,1,51.7
336,2,51.2
336,3,50.5
336,4,50.2
336,5,49.9
336,6,49.6
336,7,49.6
336,8,50.3
336,9,53.6
336,10,56.8
336,11,59.5
336,12,61.7
336,13,63.5
336,14,65.0
336,15,65.7
336,16,65.5
336,17,63.8
336,18,60.6
336,19,58.5
336,20,56.6
336,21,55.2
336,22,53.8
336,23,52.9
337,0,51.9
337,1,51.2
337,2,50.7
337,3,50.1
337,4,49.7
337,5,49.4
337,6,49.0
337,7,49.0
337,8,49.7
337,9,52.9
337,10,56.0
337,11,58.8
337,12,61.0
337,13,62.8
337,14,64.2
337,15,64.9
337,16,64.7
337,17,63.1
337,18,60.0
337,19,57.9
337,20,56.1
337,21,54.6
337,22,53.3
337,23,52.4
338,0,51.5
338,1,50.7
338,2,50.2
338,3,49.7
338,4,49.3
338,5,49.1
338,6,48.7
338,7,48.7
338,8,49.4
338,9,52.5
338,10,55.7
338,11,58.4
338,12,60.6
338,13,62.4
338,14,63.8
338,15,64.5
338,16,64.4
338,17,62.8
338,18,59.8
338,19,57.7
338,20,55.9
338,21,54.4
338,22,53.1
338,23,52.2
339,0,51.2
339,1,50.4
339,2,49.9
339,3,49.5
339,4,49.1
339,5,48.9
339,6,48.5
339,7,48.5
339,8,49.1
339,9,52.2
339,10,55.4
339,11,58.1
339,12,60.3
339,13,62.1
339,14,63.5
339,15,64.2
339,16,64.1
339,17,62.6
339,18,59.6
339,19,57.6
339,20,55.8
339,21,54.3
339,22,53.0
339,23,52.1
340,0,51.2
340,1,50.4
340,2,49.8
340,3,49.3
340,4,49.0
340,5,48.7
340,6,48.4
340,7,48.4
340,8,49.0
340,9,52.1
340,10,55.2
340,11,58.0
340,12,60.3
340,13,62.1
340,14,63.5
340,15,64.2
340,16,64.1
340,17,62.6
340,18,59.6
340,19,57.5
340,20,55.7
340,21,54.3
340,22,53.0
340,23,52.1
341,0,51.1
341,1,50.3
341,2,49.7
341,3,49.2
341,4,48.8
341,5,48.5
341,6,48.2
341,7,48.2
341,8,48.8
341,9,51.9
341,10,55.0
341,11,57.7
341,12,60.0
341,13,61.9
341,14,63.3
341,15,64.1
341,16,64.0
341,17,62.5
341,18,59.4
341,19,57.4
341,20,55.5
341,21,54.1
341,22,52.9
341,23,52.0
342,0,51.1
342,1,50.2
342,2,49.6
342,3,49.1
342,4,48.6
342,5,48.3
342,6,48.1
342,7,48.0
342,8,48.7
342,9,51.8
342,10,54.9
342,11,57.6
342,12,59.9
342,13,61.7
342,14,63.1
342,15,63.9
342,16,63.8
342,17,62.4
342,18,59.3
342,19,57.2
342,20,55.4
342,21,54.0
342,22,52.7
342,23,51.8
343,0,50.8
343,1,50.0
343,2,49.4
343,3,48.9
343,4,48.4
343,5,48.1
343,6,48.0
343,7,47.8
343,8,48.4
343,9,51.4
343,10,54.5
343,11,57.2
343,12,59.4
343,13,61.3
343,14,62.7
343,15,63.5
343,16,63.5
343,17,62.0
343,18,58.9
343,19,56.8
343,20,55.0
343,21,53.6
343,22,52.4
343,23,51.5
344,0,50.5
344,1,49.7
344,2,49.1
344,3,48.6
344,4,48.2
344,5,47.8
344,6,47.7
344,7,47.5
344,8,48.1
344,9,51.0
344,10,54.0
344,11,56.7
344,12,59.0
344,13,60.8
344,14,62.3
344,15,63.1
344,16,63.1
344,17,61.6
344,18,58.6
344,19,56.5
344,20,54.6
344,21,53.2
344,22,52.1
344,23,51.1
345,0,50.1
345,1,49.3
345,2,48.7
345,3,48.3
345,4,47.8
345,5,47.5
345,6,47.4
345,7,47.2
345,8,47.7
345,9,50.7
345,10,53.8
345,11,56.4
345,12,58.8
345,13,60.7
345,14,62.1
345,15,62.9
345,16,63.0
345,17,61.6
345,18,58.4
345,19,56.3
345,20,54.6
345,21,53.2
345,22,52.0
345,23,51.1
346,0,50.1
346,1,49.3
346,2,48.8
346,3,48.5
346,4,47.9
346,5,47.6
346,6,47.5
346,7,47.5
346,8,47.9
346,9,50.9
346,10,54.0
346,11,56.7
346,12,59.0
346,13,60.9
346,14,62.4
346,15,63.2
346,16,63.2
346,17,61.8
346,18,58.7
346,19,56.6
346,20,54.8
346,21,53.6
346,22,52.4
346,23,51.4
347,0,50.6
347,1,49.7
347,2,49.2
347,3,48.8
347,4,48.3
347,5,48.0
347,6,47.9
347,7,47.8
347,8,48.3
347,9,51.2
347,10,54.3
347,11,57.0
347,12,59.4
347,13,61.3
347,14,62.8
347,15,63.6
347,16,63.7
347,17,62.3
347,18,59.1
347,19,56.9
347,20,55.1
347,21,53.8
347,22,52.7
347,23,51.7
348,0,50.9
348,1,50.1
348,2,49.5
348,3,49.0
348,4,48.4
348,5,48.0
348,6,47.9
348,7,47.9
348,8,48.4
348,9,51.4
348,10,54.4
348,11,57.2
348,12,59.7
348,13,61.6
348,14,63.1
348,15,63.9
348,16,64.0
348,17,62.6
348,18,59.4
348,19,57.2
348,20,55.4
348,21,54.1
348,22,53.0
348,23,52.0
349,0,51.1
349,1,50.3
349,2,49.7
349,3,49.2
349,4,48.7
349,5,48.2
349,6,48.1
349,7,48.0
349,8,48.4
349,9,51.6
349,10,54.7
349,11,57.6
349,12,60.0
349,13,62.0
349,14,63.5
349,15,64.3
349,16,64.3
349,17,62.9
349,18,59.7
349,19,57.5
349,20,55.7
349,21,54.4
349,22,53.2
349,23,52.2
350,0,51.4
350,1,50.5
350,2,49.9
350,3,49.5
350,4,48.9
350,5,48.4
350,6,48.3
350,7,48.1
350,8,48.6
350,9,51.7
350,10,54.9
350,11,57.6
350,12,60.0
350,13,62.0
350,14,63.4
350,15,64.2
350,16,64.2
350,17,62.9
350,18,59.7
350,19,57.5
350,20,55.6
350,21,54.3
350,22,53.1
350,23,52.2
351,0,51.3
351,1,50.4
351,2,49.8
351,3,49.3
351,4,48.7
351,5,48.2
351,6,48.1
351,7,47.9
351,8,48.3
351,9,51.5
351,10,54.7
351,11,57.4
351,12,59.8
351,13,61.7
351,14,63.1
351,15,63.9
351,16,64.0
351,17,62.7
351,18,59.5
351,19,57.2
351,20,55.5
351,21,54.2
351,22,53.1
351,23,52.2
352,0,51.4
352,1,50.5
352,2,49.9
352,3,49.4
352,4,48.9
352,5,48.4
352,6,48.3
352,7,48.2
352,8,48.5
352,9,51.7
352,10,55.0
352,11,57.7
352,12,60.1
352,13,62.0
352,14,63.4
352,15,64.2
352,16,64.3
352,17,62.9
352,18,59.7
352,19,57.4
352,20,55.7
352,21,54.4
352,22,53.3
352,23,52.4
353,0,51.7
353,1,50.8
353,2,50.2
353,3,49.7
353,4,49.2
353,5,48.6
353,6,48.5
353,7,48.4
353,8,48.7
353,9,51.8
353,10,55.1
353,11,57.7
353,12,60.1
353,13,62.1
353,14,63.5
353,15,64.2
353,16,64.3
353,17,62.9
353,18,59.7
353,19,57.4
353,20,55.7
353,21,54.5
353,22,53.4
353,23,52.6
354,0,51.7
354,1,50.9
354,2,50.3
354,3,49.8
354,4,49.2
354,5,48.7
354,6,48.4
354,7,48.3
354,8,48.6
354,9,51.8
354,10,55.0
354,11,57.7
354,12,60.0
354,13,62.0
354,14,63.4
354,15,64.1
354,16,64.2
354,17,62.8
354,18,59.6
354,19,57.4
354,20,55.6
354,21,54.5
354,22,53.3
354,23,52.4
355,0,51.6
355,1,50.8
355,2,50.2
355,3,49.8
355,4,49.3
355,5,48.8
355,6,48.5
355,7,48.3
355,8,48.5
355,9,51.7
355,10,54.8
355,11,57.5
355,12,59.7
355,13,61.6
355,14,63.1
355,15,63.7
355,16,63.8
355,17,62.5
355,18,59.3
355,19,57.1
355,20,55.3
355,21,54.2
355,22,53.0
355,23,52.1
356,0,51.3
356,1,50.5
356,2,50.0
356,3,49.5
356,4,49.1
356,5,48.6
356,6,48.2
356,7,48.0
356,8,48.2
356,9,51.3
356,10,54.5
356,11,57.2
356,12,59.4
356,13,61.2
356,14,62.7
356,15,63.3
356,16,63.4
356,17,62.0
356,18,58.9
356,19,56.6
356,20,54.9
356,21,53.7
356,22,52.4
356,23,51.4
357,0,50.6
357,1,49.8
357,2,49.3
357,3,48.8
357,4,48.4
357,5,48.0
357,6,47.7
357,7,47.7
357,8,47.9
357,9,51.0
357,10,54.2
357,11,56.9
357,12,59.2
357,13,61.0
357,14,62.4
357,15,63.1
357,16,63.1
357,17,61.7
357,18,58.6
357,19,56.5
357,20,54.7
357,21,53.4
357,22,52.2
357,23,51.2
358,0,50.4
358,1,49.6
358,2,49.0
358,3,48.5
358,4,48.2
358,5,47.8
358,6,47.5
358,7,47.4
358,8,47.6
358,9,50.9
358,10,54.2
358,11,56.9
358,12,59.2
358,13,61.0
358,14,62.4
358,15,63.1
358,16,63.0
358,17,61.7
358,18,58.6
358,19,56.4
358,20,54.7
358,21,53.4
358,22,52.1
358,23,51.1
359,0,50.4
359,1,49.6
359,2,49.1
359,3,48.6
359,4,48.3
359,5,47.9
359,6,47.5
359,7,47.4
359,8,47.6
359,9,50.7
359,10,54.0
359,11,56.7
359,12,58.9
359,13,60.7
359,14,62.1
359,15,62.7
359,16,62.7
359,17,61.3
359,18,58.2
359,19,56.1
359,20,54.4
359,21,53.1
359,22,51.8
359,23,50.8
360,0,50.2
360,1,49.4
360,2,48.9
360,3,48.4
360,4,48.1
360,5,47.6
360,6,47.2
360,7,47.1
360,8,47.2
360,9,50.3
360,10,53.6
360,11,56.3
360,12,58.4
360,13,60.2
360,14,61.5
360,15,62.1
360,16,62.1
360,17,60.7
360,18,57.8
360,19,55.6
360,20,53.8
360,21,52.4
360,22,51.2
360,23,50.2
361,0,49.6
361,1,48.7
361,2,48.2
361,3,47.7
361,4,47.4
361,5,46.9
361,6,46.5
361,7,46.4
361,8,46.4
361,9,49.7
361,10,53.0
361,11,55.8
361,12,58.0
361,13,59.8
361,14,61.1
361,15,61.8
361,16,61.8
361,17,60.4
361,18,57.4
361,19,55.2
361,20,53.4
361,21,51.9
361,22,50.7
361,23,49.7
362,0,49.0
362,1,48.1
362,2,47.6
362,3,47.1
362,4,46.8
362,5,46.3
362,6,45.9
362,7,45.8
362,8,45.9
362,9,49.2
362,10,52.6
362,11,55.4
362,12,57.6
362,13,59.4
362,14,60.8
362,15,61.4
362,16,61.4
362,17,60.1
362,18,57.1
362,19,55.0
362,20,53.1
362,21,51.7
362,22,50.4
362,23,49.4
363,0,48.7
363,1,47.9
363,2,47.4
363,3,46.9
363,4,46.7
363,5,46.1
363,6,45.7
363,7,45.6
363,8,45.6
363,9,48.9
363,10,52.3
363,11,55.1
363,12,57.3
363,13,59.2
363,14,60.5
363,15,61.2
363,16,61.2
363,17,59.8
363,18,56.9
363,19,54.7
363,20,52.8
363,21,51.3
363,22,50.0
363,23,49.1
364,0,48.4
364,1,47.5
364,2,47.0
364,3,46.4
364,4,46.1
364,5,45.7
364,6,45.4
364,7,45.2
364,8,45.3
364,9,48.4
364,10,51.8
364,11,54.6
364,12,56.9
364,13,58.8
364,14,60.1
364,15,60.8
364,16,60.9
364,17,59.6
364,18,56.7
364,19,54.5
364,20,52.6
364,21,51.1
364,22,49.8
364,23,48.9
365,0,48.2
365,1,47.3
365,2,46.8
365,3,46.2
365,4,45.9
365,5,45.4
365,6,45.0
365,7,44.9
365,8,45.0
365,9,48.2
365,10,51.7
365,11,54.7
365,12,56.9
365,13,58.8
365,14,60.2
365,15,61.0
365,16,61.0
365,17,59.6
365,18,56.7
365,19,54.5
365,20,52.6
365,21,51.1
365,22,49.7
365,23,48.7
